ldv-challenges/main7-linux-3.10-rc1-43_1a-bitvector-drivers--net--ethernet--mellanox--mlx4--mlx4_en.ko_true-unreach-call.cil.out.c,TRUE,664.2810782,false(reach),false(reach),OK
ldv-consumption/32_7a_newdeg_true-unreach-call_linux-3.8-rc1-drivers--media--usb--dvb-usb-v2--dvb-usb-mxl111sf.ko-main.cil.out.c,TRUE,0.661159749,false(reach),false(reach),OK
ldv-linux-3.4-simple/32_1_cilled_true-unreach-call_ok_nondet_linux-3.4-32_1-drivers--media--dvb--dvb-usb--dvb-usb-az6007.ko-ldv_main0_sequence_infinite_withcheck_stateful.cil.out.c,TRUE,0.2345399,TRUE,TRUE,OK
ldv-linux-3.4-simple/32_1_cilled_true-unreach-call_ok_nondet_linux-3.4-32_1-drivers--media--dvb--dvb-usb--dvb-usb-az6027.ko-ldv_main0_sequence_infinite_withcheck_stateful.cil.out.c,TRUE,0.228886958,false(reach),false(reach),OK
ldv-linux-3.4-simple/32_1_cilled_true-unreach-call_ok_nondet_linux-3.4-32_1-drivers--media--dvb--dvb-usb--dvb-usb-pctv452e.ko-ldv_main0_sequence_infinite_withcheck_stateful.cil.out.c,TRUE,0.236691398,false(reach),false(reach),OK
ldv-linux-3.4-simple/32_1_cilled_true-unreach-call_ok_nondet_linux-3.4-32_1-drivers--media--dvb--dvb-usb--dvb-usb-ttusb2.ko-ldv_main0_sequence_infinite_withcheck_stateful.cil.out.c,TRUE,0.22775373,TRUE,TRUE,OK
ldv-linux-3.4-simple/32_7_cilled_false-unreach-call_const_ok_linux-32_1-drivers--media--dvb--dvb-usb--dvb-usb-dib0700.ko-ldv_main0_sequence_infinite_withcheck_stateful.cil.out.c,false(reach),0.98001622,TRUE,TRUE,OK
ldv-linux-3.4-simple/43_1a_cilled_true-unreach-call_ok_nondet_linux-43_1a-drivers--media--dvb--dvb-usb--dvb-usb-az6007.ko-ldv_main0_sequence_infinite_withcheck_stateful.cil.out.c,TRUE,0.348849522,TRUE,TRUE,OK
ldv-linux-3.4-simple/43_1a_cilled_true-unreach-call_ok_nondet_linux-43_1a-drivers--media--dvb--dvb-usb--dvb-usb-az6027.ko-ldv_main0_sequence_infinite_withcheck_stateful.cil.out.c,TRUE,0.345275588,TRUE,TRUE,OK
ldv-linux-3.4-simple/43_1a_cilled_true-unreach-call_ok_nondet_linux-43_1a-drivers--media--dvb--dvb-usb--dvb-usb-pctv452e.ko-ldv_main0_sequence_infinite_withcheck_stateful.cil.out.c,TRUE,0.338334851,TRUE,TRUE,OK
ldv-linux-3.4-simple/43_1a_cilled_true-unreach-call_ok_nondet_linux-43_1a-drivers--media--dvb--dvb-usb--dvb-usb-ttusb2.ko-ldv_main0_sequence_infinite_withcheck_stateful.cil.out.c,TRUE,0.282781554,TRUE,TRUE,OK
ldv-linux-3.7.3/linux-3.10-rc1-43_1a-bitvector-drivers--atm--he.ko-ldv_main0_true-unreach-call.cil.out.c,TRUE,0.478150845,TRUE,TRUE,OK
ldv-linux-4.2-rc1/linux-4.2-rc1.tar.xz-08_1a-drivers--crypto--qat--qat_common--intel_qat.ko-entry_point_true-unreach-call.cil.out.c,TRUE,0.702649256,false(reach),false(reach),OK
ldv-linux-4.2-rc1/linux-4.2-rc1.tar.xz-08_1a-drivers--md--dm-cache.ko-entry_point_false-unreach-call.cil.out.c,false(reach),0.831802856,false(reach),false(reach),OK
ldv-linux-4.2-rc1/linux-4.2-rc1.tar.xz-08_1a-drivers--md--dm-thin-pool.ko-entry_point_true-unreach-call.cil.out.c,TRUE,0.568108432,false(reach),false(reach),OK
ldv-linux-4.2-rc1/linux-4.2-rc1.tar.xz-08_1a-drivers--media--i2c--cx25840--cx25840.ko-entry_point_true-unreach-call.cil.out.c,TRUE,0.645322472,false(reach),false(reach),OK
ldv-linux-4.2-rc1/linux-4.2-rc1.tar.xz-08_1a-drivers--net--ethernet--broadcom--bnx2.ko-entry_point_true-unreach-call.cil.out.c,TRUE,0.808671882,false(reach),false(reach),OK
ldv-linux-4.2-rc1/linux-4.2-rc1.tar.xz-08_1a-drivers--scsi--osst.ko-entry_point_true-unreach-call.cil.out.c,TRUE,0.518394376,false(reach),false(reach),OK
ldv-linux-4.2-rc1/linux-4.2-rc1.tar.xz-08_1a-drivers--scsi--st.ko-entry_point_true-unreach-call.cil.out.c,TRUE,0.52219165,false(reach),false(reach),OK
ldv-linux-4.2-rc1/linux-4.2-rc1.tar.xz-08_1a-drivers--staging--comedi--comedi.ko-entry_point_false-unreach-call.cil.out.c,false(reach),0.965407832,false(reach),false(reach),OK
ldv-linux-4.2-rc1/linux-4.2-rc1.tar.xz-08_1a-drivers--staging--lustre--lnet--lnet--lnet.ko-entry_point_true-unreach-call.cil.out.c,TRUE,1.553466044,false(reach),false(reach),OK
ldv-linux-4.2-rc1/linux-4.2-rc1.tar.xz-08_1a-drivers--staging--rts5208--rts5208.ko-entry_point_true-unreach-call.cil.out.c,TRUE,1.936508456,false(reach),false(reach),OK
ldv-linux-4.2-rc1/linux-4.2-rc1.tar.xz-08_1a-drivers--usb--dwc2--dwc2.ko-entry_point_true-unreach-call.cil.out.c,TRUE,1.699065922,TRUE,TRUE,OK
ldv-linux-4.2-rc1/linux-4.2-rc1.tar.xz-32_7a-drivers--char--lp.ko-entry_point_true-unreach-call.cil.out.c,TRUE,0.19858714,TRUE,TRUE,OK
ldv-linux-4.2-rc1/linux-4.2-rc1.tar.xz-32_7a-drivers--crypto--qat--qat_common--intel_qat.ko-entry_point_true-unreach-call.cil.out.c,TRUE,0.776357969,TRUE,TRUE,OK
ldv-linux-4.2-rc1/linux-4.2-rc1.tar.xz-32_7a-drivers--hid--hid-roccat-kovaplus.ko-entry_point_true-unreach-call.cil.out.c,TRUE,0.207800601,TRUE,TRUE,OK
ldv-linux-4.2-rc1/linux-4.2-rc1.tar.xz-32_7a-drivers--hid--hid-roccat-pyra.ko-entry_point_true-unreach-call.cil.out.c,TRUE,0.205478109,TRUE,TRUE,OK
ldv-linux-4.2-rc1/linux-4.2-rc1.tar.xz-32_7a-drivers--hwmon--lm78.ko-entry_point_true-unreach-call.cil.out.c,TRUE,0.342670507,TRUE,TRUE,OK
ldv-linux-4.2-rc1/linux-4.2-rc1.tar.xz-32_7a-drivers--isdn--i4l--isdn.ko-entry_point_true-unreach-call.cil.out.c,TRUE,1.688204191,TRUE,TRUE,OK
ldv-linux-4.2-rc1/linux-4.2-rc1.tar.xz-32_7a-drivers--md--dm-thin-pool.ko-entry_point_true-unreach-call.cil.out.c,TRUE,0.76280827,TRUE,TRUE,OK
ldv-linux-4.2-rc1/linux-4.2-rc1.tar.xz-32_7a-drivers--media--i2c--cx25840--cx25840.ko-entry_point_true-unreach-call.cil.out.c,TRUE,0.826194836,TRUE,TRUE,OK
ldv-linux-4.2-rc1/linux-4.2-rc1.tar.xz-32_7a-drivers--media--usb--dvb-usb-v2--dvb-usb-mxl111sf.ko-entry_point_true-unreach-call.cil.out.c,TRUE,0.696520992,TRUE,TRUE,OK
ldv-linux-4.2-rc1/linux-4.2-rc1.tar.xz-32_7a-drivers--media--usb--ttusb-budget--dvb-ttusb-budget.ko-entry_point_true-unreach-call.cil.out.c,TRUE,0.288460137,TRUE,TRUE,OK
ldv-linux-4.2-rc1/linux-4.2-rc1.tar.xz-32_7a-drivers--memstick--core--ms_block.ko-entry_point_true-unreach-call.cil.out.c,TRUE,0.342216313,TRUE,TRUE,OK
ldv-linux-4.2-rc1/linux-4.2-rc1.tar.xz-32_7a-drivers--message--fusion--mptctl.ko-entry_point_true-unreach-call.cil.out.c,TRUE,0.327408429,TRUE,TRUE,OK
ldv-linux-4.2-rc1/linux-4.2-rc1.tar.xz-32_7a-drivers--net--ethernet--broadcom--bnx2.ko-entry_point_true-unreach-call.cil.out.c,TRUE,0.833391887,TRUE,TRUE,OK
ldv-linux-4.2-rc1/linux-4.2-rc1.tar.xz-32_7a-drivers--scsi--osst.ko-entry_point_true-unreach-call.cil.out.c,TRUE,0.545615906,TRUE,TRUE,OK
ldv-linux-4.2-rc1/linux-4.2-rc1.tar.xz-32_7a-drivers--scsi--st.ko-entry_point_true-unreach-call.cil.out.c,TRUE,0.539364079,TRUE,TRUE,OK
ldv-linux-4.2-rc1/linux-4.2-rc1.tar.xz-32_7a-drivers--staging--lustre--lnet--lnet--lnet.ko-entry_point_true-unreach-call.cil.out.c,TRUE,1.637175052,TRUE,TRUE,OK
ldv-linux-4.2-rc1/linux-4.2-rc1.tar.xz-32_7a-drivers--staging--rts5208--rts5208.ko-entry_point_true-unreach-call.cil.out.c,TRUE,1.995634711,TRUE,TRUE,OK
ldv-linux-4.2-rc1/linux-4.2-rc1.tar.xz-32_7a-drivers--usb--dwc2--dwc2.ko-entry_point_true-unreach-call.cil.out.c,TRUE,1.719965403,TRUE,TRUE,OK
ldv-linux-4.2-rc1/linux-4.2-rc1.tar.xz-32_7a-drivers--usb--storage--usb-storage.ko-entry_point_true-unreach-call.cil.out.c,TRUE,0.567525387,TRUE,TRUE,OK
ldv-linux-4.2-rc1/linux-4.2-rc1.tar.xz-43_2a-drivers--crypto--qat--qat_common--intel_qat.ko-entry_point_true-unreach-call.cil.out.c,TRUE,0.749878319,TRUE,TRUE,OK
ldv-linux-4.2-rc1/linux-4.2-rc1.tar.xz-43_2a-drivers--md--dm-thin-pool.ko-entry_point_true-unreach-call.cil.out.c,TRUE,0.570090485,TRUE,TRUE,OK
ldv-linux-4.2-rc1/linux-4.2-rc1.tar.xz-43_2a-drivers--media--i2c--cx25840--cx25840.ko-entry_point_true-unreach-call.cil.out.c,TRUE,0.661446228,TRUE,TRUE,OK
ldv-linux-4.2-rc1/linux-4.2-rc1.tar.xz-43_2a-drivers--memstick--core--ms_block.ko-entry_point_true-unreach-call.cil.out.c,TRUE,0.308963155,TRUE,TRUE,OK
ldv-linux-4.2-rc1/linux-4.2-rc1.tar.xz-43_2a-drivers--net--ethernet--broadcom--bnx2.ko-entry_point_true-unreach-call.cil.out.c,TRUE,0.837211079,TRUE,TRUE,OK
ldv-linux-4.2-rc1/linux-4.2-rc1.tar.xz-43_2a-drivers--scsi--osst.ko-entry_point_true-unreach-call.cil.out.c,TRUE,0.505872157,TRUE,TRUE,OK
ldv-linux-4.2-rc1/linux-4.2-rc1.tar.xz-43_2a-drivers--staging--lustre--lnet--lnet--lnet.ko-entry_point_true-unreach-call.cil.out.c,TRUE,1.605118515,TRUE,TRUE,OK
ldv-linux-4.2-rc1/linux-4.2-rc1.tar.xz-43_2a-drivers--staging--rts5208--rts5208.ko-entry_point_true-unreach-call.cil.out.c,TRUE,1.919820345,TRUE,TRUE,OK
ldv-validator-v0.6/linux-stable-5934df9-1-111_1a-drivers--scsi--gdth.ko-entry_point_false-unreach-call.cil.out.c,false(reach),0.735413309,TRUE,TRUE,OK
ldv-validator-v0.8/linux-stable-5934df9-1-111_1a-drivers--scsi--gdth.ko-entry_point_ldv-val-v0.8_false-unreach-call.cil.out.c,false(reach),0.888321229,TRUE,TRUE,OK
