sv/,status,cputime (s),walltime (s),Should be,Compare,Witness Compare
ldv-linux-3.0/usb_urb-drivers-hid-usbhid-usbmouse.ko_false-unreach-call.cil.out.i.pp.i,false(reach),39.014059,39.11945697,false(reach),OK,OK
ldv-linux-3.0/usb_urb-drivers-input-misc-keyspan_remote.ko_false-unreach-call.cil.out.i.pp.i,false(reach),48.427769,48.54191095,false(reach),OK,UNKNOW
ldv-linux-3.0/usb_urb-drivers-media-dvb-ttusb-dec-ttusb_dec.ko_false-unreach-call.cil.out.i.pp.i,false(reach),256.163932,256.7863588,false(reach),OK,OK
ldv-linux-3.0/usb_urb-drivers-net-can-usb-ems_usb.ko_false-unreach-call.cil.out.i.pp.i,false(reach),242.445449,242.935517,false(reach),OK,UNKNOW
ldv-linux-3.0/usb_urb-drivers-net-usb-catc.ko_false-unreach-call.cil.out.i.pp.i,false(reach),319.14845,319.6733173,false(reach),OK,OK
ldv-linux-3.0/usb_urb-drivers-staging-lirc-lirc_imon.ko_false-unreach-call.cil.out.i.pp.i,false(reach),94.311476,94.59647286,false(reach),OK,ERROR
ldv-linux-3.4-simple/32_7_cilled_false-unreach-call_const_ok_linux-32_1-drivers--input--mouse--synaptics_usb.ko-ldv_main0_sequence_infinite_withcheck_stateful.cil.out.c,false(reach),134.228529,134.4522391,false(reach),OK,UNKNOW
ldv-linux-3.4-simple/32_7_cilled_false-unreach-call_const_ok_linux-32_1-drivers--media--video--cpia2--cpia2.ko-ldv_main0_sequence_infinite_withcheck_stateful.cil.out.c,false(reach),495.926123,496.3916424,false(reach),OK,ERROR
ldv-linux-3.4-simple/32_7_cilled_false-unreach-call_const_ok_linux-32_1-drivers--media--video--mem2mem_testdev.ko-ldv_main0_sequence_infinite_withcheck_stateful.cil.out.c,false(reach),74.470725,74.60203412,false(reach),OK,OK
ldv-linux-3.4-simple/32_7_cilled_false-unreach-call_const_ok_linux-32_1-drivers--media--video--vivi.ko-ldv_main0_sequence_infinite_withcheck_stateful.cil.out.c,false(reach),167.748496,167.9699221,false(reach),OK,ERROR
ldv-linux-3.4-simple/32_7_cilled_false-unreach-call_const_ok_linux-32_1-drivers--net--wireless--p54--p54usb.ko-ldv_main0_sequence_infinite_withcheck_stateful.cil.out.c,false(reach),36.451821,36.50204194,false(reach),OK,OK
ldv-linux-3.4-simple/32_7_cilled_false-unreach-call_const_ok_linux-32_1-drivers--staging--keucr--keucr.ko-ldv_main1_sequence_infinite_withcheck_stateful.cil.out.c,false(reach),209.115814,209.27833,false(reach),OK,OK
ldv-linux-3.4-simple/32_7_cilled_false-unreach-call_const_ok_linux-32_1-drivers--usb--image--microtek.ko-ldv_main0_sequence_infinite_withcheck_stateful.cil.out.c,false(reach),15.551961,15.57326108,false(reach),OK,OK
ldv-linux-3.4-simple/32_7_cilled_false-unreach-call_const_ok_linux-32_1-drivers--usb--storage--usb-storage.ko-ldv_main0_sequence_infinite_withcheck_stateful.cil.out.c,false(reach),162.528905,162.7395031,false(reach),OK,OK
ldv-linux-3.4-simple/32_7_cilled_false-unreach-call_const_ok_linux-32_1-drivers--video--aty--atyfb.ko-ldv_main0_sequence_infinite_withcheck_stateful.cil.out.c,false(reach),694.470699,695.1659001,false(reach),OK,UNKNOW
ldv-linux-3.4-simple/32_1_cilled_true-unreach-call_ok_nondet_linux-3.4-32_1-drivers--acpi--bgrt.ko-ldv_main0_sequence_infinite_withcheck_stateful.cil.out.c,TRUE,2.421923,2.424960155,TRUE,OK,OK
ldv-linux-3.4-simple/32_1_cilled_true-unreach-call_ok_nondet_linux-3.4-32_1-drivers--acpi--container.ko-ldv_main0_sequence_infinite_withcheck_stateful.cil.out.c,TRUE,2.72248,2.741289386,TRUE,OK,OK
ldv-linux-3.4-simple/32_1_cilled_true-unreach-call_ok_nondet_linux-3.4-32_1-drivers--acpi--ec_sys.ko-ldv_main0_sequence_infinite_withcheck_stateful.cil.out.c,TRUE,2.143456,2.1474124,TRUE,OK,OK
ldv-linux-3.4-simple/32_1_cilled_true-unreach-call_ok_nondet_linux-3.4-32_1-drivers--acpi--fan.ko-ldv_main0_sequence_infinite_withcheck_stateful.cil.out.c,TRUE,2.543722,2.562189845,TRUE,OK,OK
ldv-linux-3.4-simple/32_1_cilled_true-unreach-call_ok_nondet_linux-3.4-32_1-drivers--ata--pata_marvell.ko-ldv_main0_sequence_infinite_withcheck_stateful.cil.out.c,TRUE,3.290732,3.293957137,TRUE,OK,OK
ldv-linux-3.4-simple/32_1_cilled_true-unreach-call_ok_nondet_linux-3.4-32_1-drivers--ata--pata_netcell.ko-ldv_main0_sequence_infinite_withcheck_stateful.cil.out.c,TRUE,3.106778,3.128061647,TRUE,OK,OK
ldv-linux-3.4-simple/32_1_cilled_true-unreach-call_ok_nondet_linux-3.4-32_1-drivers--atm--adummy.ko-ldv_main0_sequence_infinite_withcheck_stateful.cil.out.c,TRUE,3.939844,3.959115478,TRUE,OK,OK
ldv-linux-3.4-simple/32_1_cilled_true-unreach-call_ok_nondet_linux-3.4-32_1-drivers--auxdisplay--cfag12864b.ko-ldv_main0_sequence_infinite_withcheck_stateful.cil.out.c,TRUE,7.140211,7.14530332,TRUE,OK,OK
ldv-linux-3.4-simple/32_1_cilled_true-unreach-call_ok_nondet_linux-3.4-32_1-drivers--auxdisplay--cfag12864bfb.ko-ldv_main0_sequence_infinite_withcheck_stateful.cil.out.c,TRUE,2.707514,2.710980411,TRUE,OK,OK
ldv-linux-3.4-simple/32_1_cilled_true-unreach-call_ok_nondet_linux-3.4-32_1-drivers--auxdisplay--ks0108.ko-ldv_main0_sequence_infinite_withcheck_stateful.cil.out.c,TRUE,1.327759,1.331804241,TRUE,OK,OK
ldv-linux-3.4-simple/32_1_cilled_true-unreach-call_ok_nondet_linux-3.4-32_1-drivers--block--paride--aten.ko-ldv_main0_sequence_infinite_withcheck_stateful.cil.out.c,TRUE,2.875346,2.88489193,TRUE,OK,ERROR
ldv-linux-3.4-simple/32_1_cilled_true-unreach-call_ok_nondet_linux-3.4-32_1-drivers--block--paride--bpck.ko-ldv_main0_sequence_infinite_withcheck_stateful.cil.out.c,TRUE,9.276332,9.287134437,TRUE,OK,ERROR
ldv-linux-3.4-simple/32_1_cilled_true-unreach-call_ok_nondet_linux-3.4-32_1-drivers--block--paride--comm.ko-ldv_main0_sequence_infinite_withcheck_stateful.cil.out.c,TRUE,4.778829,4.792596794,TRUE,OK,ERROR
ldv-linux-3.4-simple/32_1_cilled_true-unreach-call_ok_nondet_linux-3.4-32_1-drivers--block--paride--dstr.ko-ldv_main0_sequence_infinite_withcheck_stateful.cil.out.c,TRUE,5.83486,5.841379497,TRUE,OK,ERROR
ldv-linux-3.4-simple/32_1_cilled_true-unreach-call_ok_nondet_linux-3.4-32_1-drivers--block--paride--epat.ko-ldv_main0_sequence_infinite_withcheck_stateful.cil.out.c,TRUE,6.76935,6.793523161,TRUE,OK,ERROR
ldv-linux-3.4-simple/32_1_cilled_true-unreach-call_ok_nondet_linux-3.4-32_1-drivers--block--paride--epia.ko-ldv_main0_sequence_infinite_withcheck_stateful.cil.out.c,TRUE,4.692,4.709688819,TRUE,OK,ERROR
ldv-linux-3.4-simple/32_1_cilled_true-unreach-call_ok_nondet_linux-3.4-32_1-drivers--block--paride--fit2.ko-ldv_main0_sequence_infinite_withcheck_stateful.cil.out.c,TRUE,2.172868,2.17778347,TRUE,OK,ERROR
ldv-linux-3.4-simple/32_1_cilled_true-unreach-call_ok_nondet_linux-3.4-32_1-drivers--block--paride--fit3.ko-ldv_main0_sequence_infinite_withcheck_stateful.cil.out.c,TRUE,3.814389,3.817961095,TRUE,OK,UNKNOW
ldv-linux-3.4-simple/32_1_cilled_true-unreach-call_ok_nondet_linux-3.4-32_1-drivers--block--paride--friq.ko-ldv_main0_sequence_infinite_withcheck_stateful.cil.out.c,TRUE,7.796517,7.827205249,TRUE,OK,ERROR
ldv-linux-3.4-simple/32_1_cilled_true-unreach-call_ok_nondet_linux-3.4-32_1-drivers--block--paride--frpw.ko-ldv_main0_sequence_infinite_withcheck_stateful.cil.out.c,TRUE,7.138458,7.165169595,TRUE,OK,ERROR
ldv-linux-3.4-simple/32_1_cilled_true-unreach-call_ok_nondet_linux-3.4-32_1-drivers--block--paride--kbic.ko-ldv_main0_sequence_infinite_withcheck_stateful.cil.out.c,TRUE,7.216213,7.233623414,TRUE,OK,ERROR
ldv-linux-3.4-simple/32_1_cilled_true-unreach-call_ok_nondet_linux-3.4-32_1-drivers--block--paride--ktti.ko-ldv_main0_sequence_infinite_withcheck_stateful.cil.out.c,TRUE,2.479575,2.483181592,TRUE,OK,ERROR
ldv-linux-3.4-simple/32_1_cilled_true-unreach-call_ok_nondet_linux-3.4-32_1-drivers--block--paride--on20.ko-ldv_main0_sequence_infinite_withcheck_stateful.cil.out.c,TRUE,6.837421,6.855496281,TRUE,OK,ERROR
ldv-linux-3.4-simple/32_1_cilled_true-unreach-call_ok_nondet_linux-3.4-32_1-drivers--block--paride--on26.ko-ldv_main0_sequence_infinite_withcheck_stateful.cil.out.c,TRUE,16.130203,16.17682245,TRUE,OK,ERROR
ldv-linux-3.4-simple/32_1_cilled_true-unreach-call_ok_nondet_linux-3.4-32_1-drivers--char--hw_random--virtio-rng.ko-ldv_main0_sequence_infinite_withcheck_stateful.cil.out.c,TRUE,1.461039,1.464652465,TRUE,OK,UNKNOW
ldv-linux-3.4-simple/32_1_cilled_true-unreach-call_ok_nondet_linux-3.4-32_1-drivers--char--ipmi--ipmi_poweroff.ko-ldv_main0_sequence_infinite_withcheck_stateful.cil.out.c,TRUE,3.951931,3.959406512,TRUE,OK,OK
ldv-linux-3.4-simple/32_1_cilled_true-unreach-call_ok_nondet_linux-3.4-32_1-drivers--char--ramoops.ko-ldv_main0_sequence_infinite_withcheck_stateful.cil.out.c,TRUE,2.241215,2.246939062,TRUE,OK,OK
ldv-linux-3.4-simple/32_1_cilled_true-unreach-call_ok_nondet_linux-3.4-32_1-drivers--char--tpm--tpm_nsc.ko-ldv_main0_sequence_infinite_withcheck_stateful.cil.out.c,TRUE,3.861136,3.884767887,TRUE,OK,ERROR
ldv-linux-3.4-simple/32_1_cilled_true-unreach-call_ok_nondet_linux-3.4-32_1-drivers--char--uv_mmtimer.ko-ldv_main0_sequence_infinite_withcheck_stateful.cil.out.c,TRUE,3.466731,3.493569014,TRUE,OK,OK
ldv-linux-3.4-simple/32_1_cilled_true-unreach-call_ok_nondet_linux-3.4-32_1-drivers--clocksource--cs5535-clockevt.ko-ldv_main0_sequence_infinite_withcheck_stateful.cil.out.c,TRUE,0.830967,0.834386975,TRUE,OK,OK
ldv-linux-3.4-simple/32_1_cilled_true-unreach-call_ok_nondet_linux-3.4-32_1-drivers--cpufreq--cpufreq_powersave.ko-ldv_main0_sequence_infinite_withcheck_stateful.cil.out.c,TRUE,0.638573,0.641805208,TRUE,OK,OK
ldv-linux-3.4-simple/32_1_cilled_true-unreach-call_ok_nondet_linux-3.4-32_1-drivers--cpufreq--pcc-cpufreq.ko-ldv_main0_sequence_infinite_withcheck_stateful.cil.out.c,TRUE,4.707624,4.728864411,TRUE,OK,OK
ldv-linux-3.4-simple/32_1_cilled_true-unreach-call_ok_nondet_linux-3.4-32_1-drivers--edac--mce_amd_inj.ko-ldv_main0_sequence_infinite_withcheck_stateful.cil.out.c,TRUE,1.194564,1.19788242,TRUE,OK,OK
ldv-linux-3.4-simple/32_1_cilled_true-unreach-call_ok_nondet_linux-3.4-32_1-drivers--firmware--google--gsmi.ko-ldv_main0_sequence_infinite_withcheck_stateful.cil.out.c,TRUE,6.05107,6.068893878,TRUE,OK,ERROR
ldv-linux-3.4-simple/32_1_cilled_true-unreach-call_ok_nondet_linux-3.4-32_1-drivers--firmware--google--memconsole.ko-ldv_main0_sequence_infinite_withcheck_stateful.cil.out.c,TRUE,1.144588,1.149272374,TRUE,OK,UNKNOW
ldv-linux-3.4-simple/32_1_cilled_true-unreach-call_ok_nondet_linux-3.4-32_1-drivers--gpio--gpio-max7301.ko-ldv_main0_sequence_infinite_withcheck_stateful.cil.out.c,TRUE,1.943129,1.946260208,TRUE,OK,OK
ldv-linux-3.4-simple/32_1_cilled_true-unreach-call_ok_nondet_linux-3.4-32_1-drivers--gpio--gpio-tps65912.ko-ldv_main0_sequence_infinite_withcheck_stateful.cil.out.c,TRUE,1.326055,1.331927129,TRUE,OK,OK
ldv-linux-3.4-simple/32_1_cilled_true-unreach-call_ok_nondet_linux-3.4-32_1-drivers--gpio--gpio-wm831x.ko-ldv_main0_sequence_infinite_withcheck_stateful.cil.out.c,TRUE,1.679381,1.682574567,TRUE,OK,ERROR
ldv-linux-3.4-simple/32_1_cilled_true-unreach-call_ok_nondet_linux-3.4-32_1-drivers--gpu--drm--drm_usb.ko-ldv_main0_sequence_infinite_withcheck_stateful.cil.out.c,TRUE,3.171426,3.192069198,TRUE,OK,OK
ldv-linux-3.4-simple/32_1_cilled_true-unreach-call_ok_nondet_linux-3.4-32_1-drivers--gpu--drm--i2c--sil164.ko-ldv_main0_sequence_infinite_withcheck_stateful.cil.out.c,TRUE,4.317359,4.340486402,TRUE,OK,OK
ldv-linux-3.4-simple/32_1_cilled_true-unreach-call_ok_nondet_linux-3.4-32_1-drivers--gpu--drm--tdfx--tdfx.ko-ldv_main0_sequence_infinite_withcheck_stateful.cil.out.c,TRUE,2.879385,2.882908621,TRUE,OK,OK
ldv-linux-3.4-simple/32_1_cilled_true-unreach-call_ok_nondet_linux-3.4-32_1-drivers--gpu--stub--poulsbo.ko-ldv_main0_sequence_infinite_withcheck_stateful.cil.out.c,TRUE,2.096184,2.113513015,TRUE,OK,OK
ldv-linux-3.4-simple/32_1_cilled_true-unreach-call_ok_nondet_linux-3.4-32_1-drivers--hid--hid-cherry.ko-ldv_main0_sequence_infinite_withcheck_stateful.cil.out.c,TRUE,1.756847,1.760224365,TRUE,OK,OK
ldv-linux-3.4-simple/32_1_cilled_true-unreach-call_ok_nondet_linux-3.4-32_1-drivers--hid--hid-chicony.ko-ldv_main0_sequence_infinite_withcheck_stateful.cil.out.c,TRUE,1.902739,1.905517654,TRUE,OK,OK
ldv-linux-3.4-simple/32_1_cilled_true-unreach-call_ok_nondet_linux-3.4-32_1-drivers--hid--hid-elecom.ko-ldv_main0_sequence_infinite_withcheck_stateful.cil.out.c,TRUE,1.540068,1.545631015,TRUE,OK,OK
ldv-linux-3.4-simple/32_1_cilled_true-unreach-call_ok_nondet_linux-3.4-32_1-drivers--hid--hid-ezkey.ko-ldv_main0_sequence_infinite_withcheck_stateful.cil.out.c,TRUE,1.742042,1.744720909,TRUE,OK,OK
ldv-linux-3.4-simple/32_1_cilled_true-unreach-call_ok_nondet_linux-3.4-32_1-drivers--hid--hid-gyration.ko-ldv_main0_sequence_infinite_withcheck_stateful.cil.out.c,TRUE,1.925981,1.931035575,TRUE,OK,OK
ldv-linux-3.4-simple/32_1_cilled_true-unreach-call_ok_nondet_linux-3.4-32_1-drivers--hid--hid-kensington.ko-ldv_main0_sequence_infinite_withcheck_stateful.cil.out.c,TRUE,1.642208,1.644960541,TRUE,OK,OK
ldv-linux-3.4-simple/32_1_cilled_true-unreach-call_ok_nondet_linux-3.4-32_1-drivers--hid--hid-keytouch.ko-ldv_main0_sequence_infinite_withcheck_stateful.cil.out.c,TRUE,1.606433,1.609973554,TRUE,OK,OK
ldv-linux-3.4-simple/32_1_cilled_true-unreach-call_ok_nondet_linux-3.4-32_1-drivers--hid--hid-lcpower.ko-ldv_main0_sequence_infinite_withcheck_stateful.cil.out.c,TRUE,1.74819,1.751425934,TRUE,OK,OK
ldv-linux-3.4-simple/32_1_cilled_true-unreach-call_ok_nondet_linux-3.4-32_1-drivers--hid--hid-monterey.ko-ldv_main0_sequence_infinite_withcheck_stateful.cil.out.c,TRUE,1.764596,1.78195136,TRUE,OK,OK
ldv-linux-3.4-simple/32_1_cilled_true-unreach-call_ok_nondet_linux-3.4-32_1-drivers--hid--hid-ortek.ko-ldv_main0_sequence_infinite_withcheck_stateful.cil.out.c,TRUE,1.608463,1.613883663,TRUE,OK,OK
ldv-linux-3.4-simple/32_1_cilled_true-unreach-call_ok_nondet_linux-3.4-32_1-drivers--hid--hid-petalynx.ko-ldv_main0_sequence_infinite_withcheck_stateful.cil.out.c,TRUE,2.174879,2.183640613,TRUE,OK,OK
ldv-linux-3.4-simple/32_1_cilled_true-unreach-call_ok_nondet_linux-3.4-32_1-drivers--hid--hid-primax.ko-ldv_main0_sequence_infinite_withcheck_stateful.cil.out.c,TRUE,1.96345,1.968531522,TRUE,OK,UNKNOW
ldv-linux-3.4-simple/32_1_cilled_true-unreach-call_ok_nondet_linux-3.4-32_1-drivers--hid--hid-saitek.ko-ldv_main0_sequence_infinite_withcheck_stateful.cil.out.c,TRUE,1.674913,1.679985852,TRUE,OK,OK
ldv-linux-3.4-simple/32_1_cilled_true-unreach-call_ok_nondet_linux-3.4-32_1-drivers--hid--hid-samsung.ko-ldv_main0_sequence_infinite_withcheck_stateful.cil.out.c,TRUE,2.981303,2.999313685,TRUE,OK,OK
ldv-linux-3.4-simple/32_1_cilled_true-unreach-call_ok_nondet_linux-3.4-32_1-drivers--hid--hid-speedlink.ko-ldv_main0_sequence_infinite_withcheck_stateful.cil.out.c,TRUE,2.173265,2.176290784,TRUE,OK,OK
ldv-linux-3.4-simple/32_1_cilled_true-unreach-call_ok_nondet_linux-3.4-32_1-drivers--hid--hid-sunplus.ko-ldv_main0_sequence_infinite_withcheck_stateful.cil.out.c,TRUE,1.775301,1.77892896,TRUE,OK,OK
ldv-linux-3.4-simple/32_1_cilled_true-unreach-call_ok_nondet_linux-3.4-32_1-drivers--hid--hid-tivo.ko-ldv_main0_sequence_infinite_withcheck_stateful.cil.out.c,TRUE,1.815975,1.821074837,TRUE,OK,OK
ldv-linux-3.4-simple/32_1_cilled_true-unreach-call_ok_nondet_linux-3.4-32_1-drivers--hid--hid-topseed.ko-ldv_main0_sequence_infinite_withcheck_stateful.cil.out.c,TRUE,1.92716,1.932552121,TRUE,OK,OK
ldv-linux-3.4-simple/32_1_cilled_true-unreach-call_ok_nondet_linux-3.4-32_1-drivers--hid--hid-twinhan.ko-ldv_main0_sequence_infinite_withcheck_stateful.cil.out.c,TRUE,2.072222,2.098075613,TRUE,OK,OK
ldv-linux-3.4-simple/32_1_cilled_true-unreach-call_ok_nondet_linux-3.4-32_1-drivers--hid--hid-uclogic.ko-ldv_main0_sequence_infinite_withcheck_stateful.cil.out.c,TRUE,2.085754,2.090120315,TRUE,OK,OK
ldv-linux-3.4-simple/32_1_cilled_true-unreach-call_ok_nondet_linux-3.4-32_1-drivers--hid--hid-wacom.ko-ldv_main0_sequence_infinite_withcheck_stateful.cil.out.c,TRUE,4.547116,4.554179784,TRUE,OK,UNKNOW
ldv-linux-3.4-simple/32_1_cilled_true-unreach-call_ok_nondet_linux-3.4-32_1-drivers--hid--hid-waltop.ko-ldv_main0_sequence_infinite_withcheck_stateful.cil.out.c,TRUE,2.708384,2.713577587,TRUE,OK,UNKNOW
ldv-linux-3.4-simple/32_1_cilled_true-unreach-call_ok_nondet_linux-3.4-32_1-drivers--hid--hid-zydacron.ko-ldv_main0_sequence_infinite_withcheck_stateful.cil.out.c,TRUE,2.470587,2.475849505,TRUE,OK,UNKNOW
ldv-linux-3.4-simple/32_1_cilled_true-unreach-call_ok_nondet_linux-3.4-32_1-drivers--hwmon--ads7871.ko-ldv_main0_sequence_infinite_withcheck_stateful.cil.out.c,TRUE,2.294444,2.298449364,TRUE,OK,OK
ldv-linux-3.4-simple/32_1_cilled_true-unreach-call_ok_nondet_linux-3.4-32_1-drivers--hwmon--asus_atk0110.ko-ldv_main0_sequence_infinite_withcheck_stateful.cil.out.c,TRUE,7.814697,7.820876028,TRUE,OK,UNKNOW
ldv-linux-3.4-simple/32_1_cilled_true-unreach-call_ok_nondet_linux-3.4-32_1-drivers--hwmon--emc1403.ko-ldv_main0_sequence_infinite_withcheck_stateful.cil.out.c,TRUE,3.001485,3.011714288,TRUE,OK,OK
ldv-linux-3.4-simple/32_1_cilled_true-unreach-call_ok_nondet_linux-3.4-32_1-drivers--hwmon--gpio-fan.ko-ldv_main0_sequence_infinite_withcheck_stateful.cil.out.c,TRUE,2.778356,2.78382211,TRUE,OK,UNKNOW
ldv-linux-3.4-simple/32_1_cilled_true-unreach-call_ok_nondet_linux-3.4-32_1-drivers--hwmon--max1111.ko-ldv_main0_sequence_infinite_withcheck_stateful.cil.out.c,TRUE,2.179717,2.182942653,TRUE,OK,OK
ldv-linux-3.4-simple/32_1_cilled_true-unreach-call_ok_nondet_linux-3.4-32_1-drivers--hwmon--pcf8591.ko-ldv_main0_sequence_infinite_withcheck_stateful.cil.out.c,TRUE,2.711683,2.714896827,TRUE,OK,OK
ldv-linux-3.4-simple/32_1_cilled_true-unreach-call_ok_nondet_linux-3.4-32_1-drivers--hwmon--pmbus--max16064.ko-ldv_main0_sequence_infinite_withcheck_stateful.cil.out.c,TRUE,1.563061,1.570419562,TRUE,OK,OK
ldv-linux-3.4-simple/32_1_cilled_true-unreach-call_ok_nondet_linux-3.4-32_1-drivers--hwmon--pmbus--max8688.ko-ldv_main0_sequence_infinite_withcheck_stateful.cil.out.c,TRUE,1.715823,1.726522515,TRUE,OK,OK
ldv-linux-3.4-simple/32_1_cilled_true-unreach-call_ok_nondet_linux-3.4-32_1-drivers--hwmon--smsc47b397.ko-ldv_main0_sequence_infinite_withcheck_stateful.cil.out.c,TRUE,3.287374,3.296783778,TRUE,OK,OK
ldv-linux-3.4-simple/32_1_cilled_true-unreach-call_ok_nondet_linux-3.4-32_1-drivers--i2c--algos--i2c-algo-pca.ko-ldv_main0_sequence_infinite_withcheck_stateful.cil.out.c,TRUE,3.30552,3.322927999,TRUE,OK,UNKNOW
ldv-linux-3.4-simple/32_1_cilled_true-unreach-call_ok_nondet_linux-3.4-32_1-drivers--i2c--busses--i2c-diolan-u2c.ko-ldv_main0_sequence_infinite_withcheck_stateful.cil.out.c,TRUE,4.16978,4.195232627,TRUE,OK,ERROR
ldv-linux-3.4-simple/32_1_cilled_true-unreach-call_ok_nondet_linux-3.4-32_1-drivers--i2c--busses--i2c-stub.ko-ldv_main0_sequence_infinite_withcheck_stateful.cil.out.c,TRUE,2.936571,2.941193914,TRUE,OK,UNKNOW
ldv-linux-3.4-simple/32_1_cilled_true-unreach-call_ok_nondet_linux-3.4-32_1-drivers--i2c--busses--i2c-tiny-usb.ko-ldv_main0_sequence_infinite_withcheck_stateful.cil.out.c,TRUE,3.340636,3.346373074,TRUE,OK,ERROR
ldv-linux-3.4-simple/32_1_cilled_true-unreach-call_ok_nondet_linux-3.4-32_1-drivers--ide--cmd640.ko-ldv_main0_sequence_infinite_withcheck_stateful.cil.out.c,TRUE,4.473464,4.490787681,TRUE,OK,OK
ldv-linux-3.4-simple/32_1_cilled_true-unreach-call_ok_nondet_linux-3.4-32_1-drivers--ide--ide-pnp.ko-ldv_main0_sequence_infinite_withcheck_stateful.cil.out.c,TRUE,3.062658,3.066026138,TRUE,OK,OK
ldv-linux-3.4-simple/32_1_cilled_true-unreach-call_ok_nondet_linux-3.4-32_1-drivers--input--gameport--lightning.ko-ldv_main0_sequence_infinite_withcheck_stateful.cil.out.c,TRUE,1.660674,1.663970242,TRUE,OK,ERROR
ldv-linux-3.4-simple/32_1_cilled_true-unreach-call_ok_nondet_linux-3.4-32_1-drivers--input--joystick--magellan.ko-ldv_main0_sequence_infinite_withcheck_stateful.cil.out.c,TRUE,2.301118,2.304925853,TRUE,OK,OK
ldv-linux-3.4-simple/32_1_cilled_true-unreach-call_ok_nondet_linux-3.4-32_1-drivers--input--joystick--spaceball.ko-ldv_main0_sequence_infinite_withcheck_stateful.cil.out.c,TRUE,2.709221,2.711953442,TRUE,OK,OK
ldv-linux-3.4-simple/32_1_cilled_true-unreach-call_ok_nondet_linux-3.4-32_1-drivers--input--joystick--spaceorb.ko-ldv_main0_sequence_infinite_withcheck_stateful.cil.out.c,TRUE,2.571222,2.576041181,TRUE,OK,ERROR
ldv-linux-3.4-simple/32_1_cilled_true-unreach-call_ok_nondet_linux-3.4-32_1-drivers--input--joystick--stinger.ko-ldv_main0_sequence_infinite_withcheck_stateful.cil.out.c,TRUE,2.165153,2.168022124,TRUE,OK,OK
ldv-linux-3.4-simple/32_1_cilled_true-unreach-call_ok_nondet_linux-3.4-32_1-drivers--input--joystick--turbografx.ko-ldv_main0_sequence_infinite_withcheck_stateful.cil.out.c,TRUE,49.929628,50.00727312,TRUE,OK,ERROR
ldv-linux-3.4-simple/32_1_cilled_true-unreach-call_ok_nondet_linux-3.4-32_1-drivers--input--joystick--twidjoy.ko-ldv_main0_sequence_infinite_withcheck_stateful.cil.out.c,TRUE,2.226247,2.229319251,TRUE,OK,ERROR
ldv-linux-3.4-simple/32_1_cilled_true-unreach-call_ok_nondet_linux-3.4-32_1-drivers--input--joystick--warrior.ko-ldv_main0_sequence_infinite_withcheck_stateful.cil.out.c,TRUE,2.385286,2.392126765,TRUE,OK,OK
ldv-linux-3.4-simple/32_1_cilled_true-unreach-call_ok_nondet_linux-3.4-32_1-drivers--input--joystick--zhenhua.ko-ldv_main0_sequence_infinite_withcheck_stateful.cil.out.c,TRUE,2.058333,2.061595185,TRUE,OK,OK
ldv-linux-3.4-simple/32_1_cilled_true-unreach-call_ok_nondet_linux-3.4-32_1-drivers--input--keyboard--gpio_keys_polled.ko-ldv_main0_sequence_infinite_withcheck_stateful.cil.out.c,TRUE,2.467448,2.471557778,TRUE,OK,ERROR
ldv-linux-3.4-simple/32_1_cilled_true-unreach-call_ok_nondet_linux-3.4-32_1-drivers--input--keyboard--newtonkbd.ko-ldv_main0_sequence_infinite_withcheck_stateful.cil.out.c,TRUE,2.215945,2.218616987,TRUE,OK,OK
ldv-linux-3.4-simple/32_1_cilled_true-unreach-call_ok_nondet_linux-3.4-32_1-drivers--input--keyboard--stowaway.ko-ldv_main0_sequence_infinite_withcheck_stateful.cil.out.c,TRUE,2.18163,2.184252904,TRUE,OK,OK
ldv-linux-3.4-simple/32_1_cilled_true-unreach-call_ok_nondet_linux-3.4-32_1-drivers--input--keyboard--xtkbd.ko-ldv_main0_sequence_infinite_withcheck_stateful.cil.out.c,TRUE,2.183229,2.18639446,TRUE,OK,OK
ldv-linux-3.4-simple/32_1_cilled_true-unreach-call_ok_nondet_linux-3.4-32_1-drivers--input--misc--ab8500-ponkey.ko-ldv_main0_sequence_infinite_withcheck_stateful.cil.out.c,TRUE,1.97718,2.000613144,TRUE,OK,OK
ldv-linux-3.4-simple/32_1_cilled_true-unreach-call_ok_nondet_linux-3.4-32_1-drivers--input--misc--ad714x-i2c.ko-ldv_main0_sequence_infinite_withcheck_stateful.cil.out.c,TRUE,2.782686,2.786167045,TRUE,OK,OK
ldv-linux-3.4-simple/32_1_cilled_true-unreach-call_ok_nondet_linux-3.4-32_1-drivers--input--misc--ad714x-spi.ko-ldv_main0_sequence_infinite_withcheck_stateful.cil.out.c,TRUE,2.91033,2.915058407,TRUE,OK,OK
ldv-linux-3.4-simple/32_1_cilled_true-unreach-call_ok_nondet_linux-3.4-32_1-drivers--input--misc--adxl34x-spi.ko-ldv_main0_sequence_infinite_withcheck_stateful.cil.out.c,TRUE,2.794482,2.795017348,TRUE,OK,OK
ldv-linux-3.4-simple/32_1_cilled_true-unreach-call_ok_nondet_linux-3.4-32_1-drivers--input--misc--apanel.ko-ldv_main0_sequence_infinite_withcheck_stateful.cil.out.c,TRUE,3.502871,3.519985301,TRUE,OK,OK
ldv-linux-3.4-simple/32_1_cilled_true-unreach-call_ok_nondet_linux-3.4-32_1-drivers--input--misc--atlas_btns.ko-ldv_main0_sequence_infinite_withcheck_stateful.cil.out.c,TRUE,2.444385,2.452443034,TRUE,OK,OK
ldv-linux-3.4-simple/32_1_cilled_true-unreach-call_ok_nondet_linux-3.4-32_1-drivers--input--misc--cma3000_d0x_i2c.ko-ldv_main0_sequence_infinite_withcheck_stateful.cil.out.c,TRUE,2.363982,2.36795615,TRUE,OK,OK
ldv-linux-3.4-simple/32_1_cilled_true-unreach-call_ok_nondet_linux-3.4-32_1-drivers--input--misc--mma8450.ko-ldv_main0_sequence_infinite_withcheck_stateful.cil.out.c,TRUE,2.844396,2.848957135,TRUE,OK,OK
ldv-linux-3.4-simple/32_1_cilled_true-unreach-call_ok_nondet_linux-3.4-32_1-drivers--input--misc--mpu3050.ko-ldv_main0_sequence_infinite_withcheck_stateful.cil.out.c,TRUE,3.472955,3.476603055,TRUE,OK,OK
ldv-linux-3.4-simple/32_1_cilled_true-unreach-call_ok_nondet_linux-3.4-32_1-drivers--input--misc--pcap_keys.ko-ldv_main0_sequence_infinite_withcheck_stateful.cil.out.c,TRUE,2.033032,2.048779536,TRUE,OK,OK
ldv-linux-3.4-simple/32_1_cilled_true-unreach-call_ok_nondet_linux-3.4-32_1-drivers--input--misc--pcf50633-input.ko-ldv_main0_sequence_infinite_withcheck_stateful.cil.out.c,TRUE,2.583593,2.587869749,TRUE,OK,OK
ldv-linux-3.4-simple/32_1_cilled_true-unreach-call_ok_nondet_linux-3.4-32_1-drivers--input--misc--pcspkr.ko-ldv_main0_sequence_infinite_withcheck_stateful.cil.out.c,TRUE,2.061123,2.065026782,TRUE,OK,OK
ldv-linux-3.4-simple/32_1_cilled_true-unreach-call_ok_nondet_linux-3.4-32_1-drivers--input--misc--rotary_encoder.ko-ldv_main0_sequence_infinite_withcheck_stateful.cil.out.c,TRUE,2.647967,2.648604754,TRUE,OK,OK
ldv-linux-3.4-simple/32_1_cilled_true-unreach-call_ok_nondet_linux-3.4-32_1-drivers--input--misc--wm831x-on.ko-ldv_main0_sequence_infinite_withcheck_stateful.cil.out.c,TRUE,2.176914,2.180043417,TRUE,OK,OK
ldv-linux-3.4-simple/32_1_cilled_true-unreach-call_ok_nondet_linux-3.4-32_1-drivers--input--misc--xen-kbdfront.ko-ldv_main0_sequence_infinite_withcheck_stateful.cil.out.c,TRUE,3.2184,3.221787546,TRUE,OK,OK
ldv-linux-3.4-simple/32_1_cilled_true-unreach-call_ok_nondet_linux-3.4-32_1-drivers--input--mouse--gpio_mouse.ko-ldv_main0_sequence_infinite_withcheck_stateful.cil.out.c,TRUE,2.411988,2.415059628,TRUE,OK,OK
ldv-linux-3.4-simple/32_1_cilled_true-unreach-call_ok_nondet_linux-3.4-32_1-drivers--input--mouse--vsxxxaa.ko-ldv_main0_sequence_infinite_withcheck_stateful.cil.out.c,TRUE,2.957814,2.960758001,TRUE,OK,OK
ldv-linux-3.4-simple/32_1_cilled_true-unreach-call_ok_nondet_linux-3.4-32_1-drivers--input--serio--ct82c710.ko-ldv_main0_sequence_infinite_withcheck_stateful.cil.out.c,TRUE,1.633645,1.636949362,TRUE,OK,OK
ldv-linux-3.4-simple/32_1_cilled_true-unreach-call_ok_nondet_linux-3.4-32_1-drivers--input--serio--parkbd.ko-ldv_main0_sequence_infinite_withcheck_stateful.cil.out.c,TRUE,2.121399,2.124843396,TRUE,OK,OK
ldv-linux-3.4-simple/32_1_cilled_true-unreach-call_ok_nondet_linux-3.4-32_1-drivers--input--touchscreen--ad7879-spi.ko-ldv_main0_sequence_infinite_withcheck_stateful.cil.out.c,TRUE,2.644599,2.649763432,TRUE,OK,OK
ldv-linux-3.4-simple/32_1_cilled_true-unreach-call_ok_nondet_linux-3.4-32_1-drivers--input--touchscreen--cyttsp_spi.ko-ldv_main0_sequence_infinite_withcheck_stateful.cil.out.c,TRUE,2.997567,3.002421085,TRUE,OK,UNKNOW
ldv-linux-3.4-simple/32_1_cilled_true-unreach-call_ok_nondet_linux-3.4-32_1-drivers--input--touchscreen--dynapro.ko-ldv_main0_sequence_infinite_withcheck_stateful.cil.out.c,TRUE,2.183216,2.186672726,TRUE,OK,OK
ldv-linux-3.4-simple/32_1_cilled_true-unreach-call_ok_nondet_linux-3.4-32_1-drivers--input--touchscreen--egalax_ts.ko-ldv_main0_sequence_infinite_withcheck_stateful.cil.out.c,TRUE,3.14635,3.152189997,TRUE,OK,OK
ldv-linux-3.4-simple/32_1_cilled_true-unreach-call_ok_nondet_linux-3.4-32_1-drivers--input--touchscreen--fujitsu_ts.ko-ldv_main0_sequence_infinite_withcheck_stateful.cil.out.c,TRUE,2.119612,2.122833551,TRUE,OK,OK
ldv-linux-3.4-simple/32_1_cilled_true-unreach-call_ok_nondet_linux-3.4-32_1-drivers--input--touchscreen--gunze.ko-ldv_main0_sequence_infinite_withcheck_stateful.cil.out.c,TRUE,2.273224,2.276421619,TRUE,OK,OK
ldv-linux-3.4-simple/32_1_cilled_true-unreach-call_ok_nondet_linux-3.4-32_1-drivers--input--touchscreen--hampshire.ko-ldv_main0_sequence_infinite_withcheck_stateful.cil.out.c,TRUE,2.244097,2.247404046,TRUE,OK,OK
ldv-linux-3.4-simple/32_1_cilled_true-unreach-call_ok_nondet_linux-3.4-32_1-drivers--input--touchscreen--inexio.ko-ldv_main0_sequence_infinite_withcheck_stateful.cil.out.c,TRUE,2.131424,2.13465363,TRUE,OK,OK
ldv-linux-3.4-simple/32_1_cilled_true-unreach-call_ok_nondet_linux-3.4-32_1-drivers--input--touchscreen--max11801_ts.ko-ldv_main0_sequence_infinite_withcheck_stateful.cil.out.c,TRUE,2.919791,2.937673398,TRUE,OK,OK
ldv-linux-3.4-simple/32_1_cilled_true-unreach-call_ok_nondet_linux-3.4-32_1-drivers--input--touchscreen--mk712.ko-ldv_main0_sequence_infinite_withcheck_stateful.cil.out.c,TRUE,2.148448,2.152193264,TRUE,OK,OK
ldv-linux-3.4-simple/32_1_cilled_true-unreach-call_ok_nondet_linux-3.4-32_1-drivers--input--touchscreen--mtouch.ko-ldv_main0_sequence_infinite_withcheck_stateful.cil.out.c,TRUE,2.203257,2.205942878,TRUE,OK,OK
ldv-linux-3.4-simple/32_1_cilled_true-unreach-call_ok_nondet_linux-3.4-32_1-drivers--input--touchscreen--penmount.ko-ldv_main0_sequence_infinite_withcheck_stateful.cil.out.c,TRUE,2.996377,3.0045484,TRUE,OK,UNKNOW
ldv-linux-3.4-simple/32_1_cilled_true-unreach-call_ok_nondet_linux-3.4-32_1-drivers--input--touchscreen--stmpe-ts.ko-ldv_main0_sequence_infinite_withcheck_stateful.cil.out.c,TRUE,3.361908,3.379226277,TRUE,OK,OK
ldv-linux-3.4-simple/32_1_cilled_true-unreach-call_ok_nondet_linux-3.4-32_1-drivers--input--touchscreen--touchit213.ko-ldv_main0_sequence_infinite_withcheck_stateful.cil.out.c,TRUE,2.171797,2.174993339,TRUE,OK,OK
ldv-linux-3.4-simple/32_1_cilled_true-unreach-call_ok_nondet_linux-3.4-32_1-drivers--input--touchscreen--touchright.ko-ldv_main0_sequence_infinite_withcheck_stateful.cil.out.c,TRUE,2.349634,2.372381653,TRUE,OK,OK
ldv-linux-3.4-simple/32_1_cilled_true-unreach-call_ok_nondet_linux-3.4-32_1-drivers--input--touchscreen--touchwin.ko-ldv_main0_sequence_infinite_withcheck_stateful.cil.out.c,TRUE,2.328735,2.334974983,TRUE,OK,OK
ldv-linux-3.4-simple/32_1_cilled_true-unreach-call_ok_nondet_linux-3.4-32_1-drivers--input--touchscreen--tsc40.ko-ldv_main0_sequence_infinite_withcheck_stateful.cil.out.c,TRUE,2.489,2.508473234,TRUE,OK,OK
ldv-linux-3.4-simple/32_1_cilled_true-unreach-call_ok_nondet_linux-3.4-32_1-drivers--input--touchscreen--wacom_w8001.ko-ldv_main0_sequence_infinite_withcheck_stateful.cil.out.c,TRUE,4.523397,4.527521266,TRUE,OK,OK
ldv-linux-3.4-simple/32_1_cilled_true-unreach-call_ok_nondet_linux-3.4-32_1-drivers--isdn--hardware--avm--avm_cs.ko-ldv_main0_sequence_infinite_withcheck_stateful.cil.out.c,TRUE,2.84522,2.850839544,TRUE,OK,OK
ldv-linux-3.4-simple/32_1_cilled_true-unreach-call_ok_nondet_linux-3.4-32_1-drivers--isdn--hardware--avm--b1pci.ko-ldv_main0_sequence_infinite_withcheck_stateful.cil.out.c,TRUE,3.272695,3.275945761,TRUE,OK,OK
ldv-linux-3.4-simple/32_1_cilled_true-unreach-call_ok_nondet_linux-3.4-32_1-drivers--isdn--hardware--avm--b1pcmcia.ko-ldv_main0_sequence_infinite_withcheck_stateful.cil.out.c,TRUE,1.727589,1.732204936,TRUE,OK,OK
ldv-linux-3.4-simple/32_1_cilled_true-unreach-call_ok_nondet_linux-3.4-32_1-drivers--isdn--hardware--avm--t1pci.ko-ldv_main0_sequence_infinite_withcheck_stateful.cil.out.c,TRUE,2.351264,2.354210134,TRUE,OK,OK
ldv-linux-3.4-simple/32_1_cilled_true-unreach-call_ok_nondet_linux-3.4-32_1-drivers--isdn--hardware--eicon--divadidd.ko-ldv_main0_sequence_infinite_withcheck_stateful.cil.out.c,TRUE,5.162691,5.170516204,TRUE,OK,ERROR
ldv-linux-3.4-simple/32_1_cilled_true-unreach-call_ok_nondet_linux-3.4-32_1-drivers--isdn--hisax--avma1_cs.ko-ldv_main0_sequence_infinite_withcheck_stateful.cil.out.c,TRUE,2.377798,2.38101937,TRUE,OK,OK
ldv-linux-3.4-simple/32_1_cilled_true-unreach-call_ok_nondet_linux-3.4-32_1-drivers--isdn--hisax--elsa_cs.ko-ldv_main0_sequence_infinite_withcheck_stateful.cil.out.c,TRUE,2.560634,2.568010765,TRUE,OK,OK
ldv-linux-3.4-simple/32_1_cilled_true-unreach-call_ok_nondet_linux-3.4-32_1-drivers--isdn--hisax--sedlbauer_cs.ko-ldv_main0_sequence_infinite_withcheck_stateful.cil.out.c,TRUE,2.450044,2.455854827,TRUE,OK,OK
ldv-linux-3.4-simple/32_1_cilled_true-unreach-call_ok_nondet_linux-3.4-32_1-drivers--isdn--hisax--teles_cs.ko-ldv_main0_sequence_infinite_withcheck_stateful.cil.out.c,TRUE,2.48736,2.50401545,TRUE,OK,OK
ldv-linux-3.4-simple/32_1_cilled_true-unreach-call_ok_nondet_linux-3.4-32_1-drivers--leds--dell-led.ko-ldv_main0_sequence_infinite_withcheck_stateful.cil.out.c,TRUE,2.177221,2.184442061,TRUE,OK,OK
ldv-linux-3.4-simple/32_1_cilled_true-unreach-call_ok_nondet_linux-3.4-32_1-drivers--leds--leds-bd2802.ko-ldv_main0_sequence_infinite_withcheck_stateful.cil.out.c,TRUE,7.597467,7.623569103,TRUE,OK,OK
ldv-linux-3.4-simple/32_1_cilled_true-unreach-call_ok_nondet_linux-3.4-32_1-drivers--leds--leds-ot200.ko-ldv_main0_sequence_infinite_withcheck_stateful.cil.out.c,TRUE,1.972791,1.992896821,TRUE,OK,OK
ldv-linux-3.4-simple/32_1_cilled_true-unreach-call_ok_nondet_linux-3.4-32_1-drivers--leds--leds-pca9633.ko-ldv_main0_sequence_infinite_withcheck_stateful.cil.out.c,TRUE,2.204076,2.20875218,TRUE,OK,OK
ldv-linux-3.4-simple/32_1_cilled_true-unreach-call_ok_nondet_linux-3.4-32_1-drivers--leds--ledtrig-backlight.ko-ldv_main0_sequence_infinite_withcheck_stateful.cil.out.c,TRUE,2.982726,2.987899569,TRUE,OK,OK
ldv-linux-3.4-simple/32_1_cilled_true-unreach-call_ok_nondet_linux-3.4-32_1-drivers--leds--ledtrig-default-on.ko-ldv_main0_sequence_infinite_withcheck_stateful.cil.out.c,TRUE,0.906623,0.913939995,TRUE,OK,OK
ldv-linux-3.4-simple/32_1_cilled_true-unreach-call_ok_nondet_linux-3.4-32_1-drivers--leds--ledtrig-gpio.ko-ldv_main0_sequence_infinite_withcheck_stateful.cil.out.c,TRUE,1.793349,1.798091086,TRUE,OK,OK
ldv-linux-3.4-simple/32_1_cilled_true-unreach-call_ok_nondet_linux-3.4-32_1-drivers--macintosh--mac_hid.ko-ldv_main0_sequence_infinite_withcheck_stateful.cil.out.c,TRUE,1.938938,1.944434119,TRUE,OK,OK
ldv-linux-3.4-simple/32_1_cilled_true-unreach-call_ok_nondet_linux-3.4-32_1-drivers--md--dm-zero.ko-ldv_main0_sequence_infinite_withcheck_stateful.cil.out.c,TRUE,2.380327,2.39279042,TRUE,OK,OK
ldv-linux-3.4-simple/32_1_cilled_true-unreach-call_ok_nondet_linux-3.4-32_1-drivers--media--common--tuners--max2165.ko-ldv_main0_sequence_infinite_withcheck_stateful.cil.out.c,TRUE,4.007728,4.017394991,TRUE,OK,OK
ldv-linux-3.4-simple/32_1_cilled_true-unreach-call_ok_nondet_linux-3.4-32_1-drivers--media--common--tuners--mc44s803.ko-ldv_main0_sequence_infinite_withcheck_stateful.cil.out.c,TRUE,3.347628,3.35160103,TRUE,OK,OK
ldv-linux-3.4-simple/32_1_cilled_true-unreach-call_ok_nondet_linux-3.4-32_1-drivers--media--common--tuners--mt2060.ko-ldv_main0_sequence_infinite_withcheck_stateful.cil.out.c,TRUE,3.628664,3.635378146,TRUE,OK,OK
ldv-linux-3.4-simple/32_1_cilled_true-unreach-call_ok_nondet_linux-3.4-32_1-drivers--media--common--tuners--mt20xx.ko-ldv_main0_sequence_infinite_withcheck_stateful.cil.out.c,TRUE,6.664367,6.684610523,TRUE,OK,ERROR
ldv-linux-3.4-simple/32_1_cilled_true-unreach-call_ok_nondet_linux-3.4-32_1-drivers--media--common--tuners--mt2131.ko-ldv_main0_sequence_infinite_withcheck_stateful.cil.out.c,TRUE,3.266557,3.270386075,TRUE,OK,OK
ldv-linux-3.4-simple/32_1_cilled_true-unreach-call_ok_nondet_linux-3.4-32_1-drivers--media--common--tuners--mt2266.ko-ldv_main0_sequence_infinite_withcheck_stateful.cil.out.c,TRUE,3.529894,3.53347439,TRUE,OK,OK
ldv-linux-3.4-simple/32_1_cilled_true-unreach-call_ok_nondet_linux-3.4-32_1-drivers--media--common--tuners--mxl5007t.ko-ldv_main0_sequence_infinite_withcheck_stateful.cil.out.c,TRUE,57.82543,57.89173822,TRUE,OK,ERROR
ldv-linux-3.4-simple/32_1_cilled_true-unreach-call_ok_nondet_linux-3.4-32_1-drivers--media--common--tuners--qt1010.ko-ldv_main0_sequence_infinite_withcheck_stateful.cil.out.c,TRUE,6.699855,6.717387217,TRUE,OK,ERROR
ldv-linux-3.4-simple/32_1_cilled_true-unreach-call_ok_nondet_linux-3.4-32_1-drivers--media--common--tuners--tda18218.ko-ldv_main0_sequence_infinite_withcheck_stateful.cil.out.c,TRUE,4.147584,4.170844974,TRUE,OK,ERROR
ldv-linux-3.4-simple/32_1_cilled_true-unreach-call_ok_nondet_linux-3.4-32_1-drivers--media--common--tuners--tda8290.ko-ldv_main0_sequence_infinite_withcheck_stateful.cil.out.c,TRUE,8.021316,8.029424641,TRUE,OK,OK
ldv-linux-3.4-simple/32_1_cilled_true-unreach-call_ok_nondet_linux-3.4-32_1-drivers--media--common--tuners--tda9887.ko-ldv_main0_sequence_infinite_withcheck_stateful.cil.out.c,TRUE,31.362373,31.39762464,TRUE,OK,OK
ldv-linux-3.4-simple/32_1_cilled_true-unreach-call_ok_nondet_linux-3.4-32_1-drivers--media--dvb--dvb-usb--dvb-usb-a800.ko-ldv_main0_sequence_infinite_withcheck_stateful.cil.out.c,TRUE,5.363875,5.375396576,TRUE,OK,OK
ldv-linux-3.4-simple/32_1_cilled_true-unreach-call_ok_nondet_linux-3.4-32_1-drivers--media--dvb--dvb-usb--dvb-usb-au6610.ko-ldv_main0_sequence_infinite_withcheck_stateful.cil.out.c,TRUE,5.642268,5.652777535,TRUE,OK,OK
ldv-linux-3.4-simple/32_1_cilled_true-unreach-call_ok_nondet_linux-3.4-32_1-drivers--media--dvb--dvb-usb--dvb-usb-ce6230.ko-ldv_main0_sequence_infinite_withcheck_stateful.cil.out.c,TRUE,6.160011,6.196867699,TRUE,OK,OK
ldv-linux-3.4-simple/32_1_cilled_true-unreach-call_ok_nondet_linux-3.4-32_1-drivers--media--dvb--dvb-usb--dvb-usb-cinergyT2.ko-ldv_main0_sequence_infinite_withcheck_stateful.cil.out.c,TRUE,7.063475,7.068130407,TRUE,OK,OK
ldv-linux-3.4-simple/32_1_cilled_true-unreach-call_ok_nondet_linux-3.4-32_1-drivers--media--dvb--dvb-usb--dvb-usb-cinergyT2.ko-ldv_main1_sequence_infinite_withcheck_stateful.cil.out.c,TRUE,6.971258,6.978612308,TRUE,OK,OK
ldv-linux-3.4-simple/32_1_cilled_true-unreach-call_ok_nondet_linux-3.4-32_1-drivers--media--dvb--dvb-usb--dvb-usb-dibusb-common.ko-ldv_main0_sequence_infinite_withcheck_stateful.cil.out.c,TRUE,6.24679,6.267369331,TRUE,OK,OK
ldv-linux-3.4-simple/32_1_cilled_true-unreach-call_ok_nondet_linux-3.4-32_1-drivers--media--dvb--dvb-usb--dvb-usb-dibusb-mb.ko-ldv_main0_sequence_infinite_withcheck_stateful.cil.out.c,TRUE,9.06227,9.08100629,TRUE,OK,OK
ldv-linux-3.4-simple/32_1_cilled_true-unreach-call_ok_nondet_linux-3.4-32_1-drivers--media--dvb--dvb-usb--dvb-usb-dibusb-mc.ko-ldv_main0_sequence_infinite_withcheck_stateful.cil.out.c,TRUE,5.20843,5.212692627,TRUE,OK,OK
ldv-linux-3.4-simple/32_1_cilled_true-unreach-call_ok_nondet_linux-3.4-32_1-drivers--media--dvb--dvb-usb--dvb-usb-digitv.ko-ldv_main0_sequence_infinite_withcheck_stateful.cil.out.c,TRUE,6.688993,6.708298819,TRUE,OK,ERROR
ldv-linux-3.4-simple/32_1_cilled_true-unreach-call_ok_nondet_linux-3.4-32_1-drivers--media--dvb--dvb-usb--dvb-usb-dtt200u.ko-ldv_main0_sequence_infinite_withcheck_stateful.cil.out.c,TRUE,11.182644,11.20269308,TRUE,OK,OK
ldv-linux-3.4-simple/32_1_cilled_true-unreach-call_ok_nondet_linux-3.4-32_1-drivers--media--dvb--dvb-usb--dvb-usb-dtt200u.ko-ldv_main1_sequence_infinite_withcheck_stateful.cil.out.c,TRUE,10.786568,10.79923146,TRUE,OK,OK
ldv-linux-3.4-simple/32_1_cilled_true-unreach-call_ok_nondet_linux-3.4-32_1-drivers--media--dvb--dvb-usb--dvb-usb-dtv5100.ko-ldv_main0_sequence_infinite_withcheck_stateful.cil.out.c,TRUE,5.786595,5.807150622,TRUE,OK,UNKNOW
ldv-linux-3.4-simple/32_1_cilled_true-unreach-call_ok_nondet_linux-3.4-32_1-drivers--media--dvb--dvb-usb--dvb-usb-gl861.ko-ldv_main0_sequence_infinite_withcheck_stateful.cil.out.c,TRUE,5.712057,5.73417579,TRUE,OK,OK
ldv-linux-3.4-simple/32_1_cilled_true-unreach-call_ok_nondet_linux-3.4-32_1-drivers--media--dvb--dvb-usb--dvb-usb-mxl111sf.ko-ldv_main3_sequence_infinite_withcheck_stateful.cil.out.c,TRUE,20.523476,20.54630014,TRUE,OK,OK
ldv-linux-3.4-simple/32_1_cilled_true-unreach-call_ok_nondet_linux-3.4-32_1-drivers--media--dvb--dvb-usb--dvb-usb-nova-t-usb2.ko-ldv_main0_sequence_infinite_withcheck_stateful.cil.out.c,TRUE,6.197176,6.224256698,TRUE,OK,OK
ldv-linux-3.4-simple/32_1_cilled_true-unreach-call_ok_nondet_linux-3.4-32_1-drivers--media--dvb--dvb-usb--dvb-usb-rtl28xxu.ko-ldv_main0_sequence_infinite_withcheck_stateful.cil.out.c,TRUE,12.033379,12.07552545,TRUE,OK,ERROR
ldv-linux-3.4-simple/32_1_cilled_true-unreach-call_ok_nondet_linux-3.4-32_1-drivers--media--dvb--dvb-usb--dvb-usb-umt-010.ko-ldv_main0_sequence_infinite_withcheck_stateful.cil.out.c,TRUE,5.586175,5.604304686,TRUE,OK,OK
ldv-linux-3.4-simple/32_1_cilled_true-unreach-call_ok_nondet_linux-3.4-32_1-drivers--media--dvb--dvb-usb--dvb-usb-vp7045.ko-ldv_main0_sequence_infinite_withcheck_stateful.cil.out.c,TRUE,284.29283,284.5702407,TRUE,OK,OK
ldv-linux-3.4-simple/32_1_cilled_true-unreach-call_ok_nondet_linux-3.4-32_1-drivers--media--dvb--dvb-usb--mxl111sf-demod.ko-ldv_main0_sequence_infinite_withcheck_stateful.cil.out.c,TRUE,5.958113,5.963228001,TRUE,OK,UNKNOW
ldv-linux-3.4-simple/32_1_cilled_true-unreach-call_ok_nondet_linux-3.4-32_1-drivers--media--dvb--frontends--cxd2820r.ko-ldv_main0_sequence_infinite_withcheck_stateful.cil.out.c,TRUE,10.997252,11.00130975,TRUE,OK,ERROR
ldv-linux-3.4-simple/32_1_cilled_true-unreach-call_ok_nondet_linux-3.4-32_1-drivers--media--dvb--frontends--dib3000mb.ko-ldv_main0_sequence_infinite_withcheck_stateful.cil.out.c,TRUE,7.60107,7.620284438,TRUE,OK,UNKNOW
ldv-linux-3.4-simple/32_1_cilled_true-unreach-call_ok_nondet_linux-3.4-32_1-drivers--media--dvb--frontends--dib3000mc.ko-ldv_main0_sequence_infinite_withcheck_stateful.cil.out.c,TRUE,7.080771,7.09809402,TRUE,OK,UNKNOW
ldv-linux-3.4-simple/32_1_cilled_true-unreach-call_ok_nondet_linux-3.4-32_1-drivers--media--dvb--frontends--dvb_dummy_fe.ko-ldv_main0_sequence_infinite_withcheck_stateful.cil.out.c,TRUE,3.405491,3.409062971,TRUE,OK,UNKNOW
ldv-linux-3.4-simple/32_1_cilled_true-unreach-call_ok_nondet_linux-3.4-32_1-drivers--media--dvb--frontends--ec100.ko-ldv_main0_sequence_infinite_withcheck_stateful.cil.out.c,TRUE,3.342867,3.347442834,TRUE,OK,UNKNOW
ldv-linux-3.4-simple/32_1_cilled_true-unreach-call_ok_nondet_linux-3.4-32_1-drivers--media--dvb--frontends--isl6405.ko-ldv_main0_sequence_infinite_withcheck_stateful.cil.out.c,TRUE,2.678395,2.681586783,TRUE,OK,OK
ldv-linux-3.4-simple/32_1_cilled_true-unreach-call_ok_nondet_linux-3.4-32_1-drivers--media--dvb--frontends--isl6421.ko-ldv_main0_sequence_infinite_withcheck_stateful.cil.out.c,TRUE,2.521289,2.525853639,TRUE,OK,OK
ldv-linux-3.4-simple/32_1_cilled_true-unreach-call_ok_nondet_linux-3.4-32_1-drivers--media--dvb--frontends--it913x-fe.ko-ldv_main0_sequence_infinite_withcheck_stateful.cil.out.c,TRUE,19.526353,19.53035264,TRUE,OK,ERROR
ldv-linux-3.4-simple/32_1_cilled_true-unreach-call_ok_nondet_linux-3.4-32_1-drivers--media--dvb--frontends--lnbp21.ko-ldv_main0_sequence_infinite_withcheck_stateful.cil.out.c,TRUE,2.749359,2.766696284,TRUE,OK,OK
ldv-linux-3.4-simple/32_1_cilled_true-unreach-call_ok_nondet_linux-3.4-32_1-drivers--media--dvb--frontends--lnbp22.ko-ldv_main0_sequence_infinite_withcheck_stateful.cil.out.c,TRUE,2.657218,2.660770695,TRUE,OK,OK
ldv-linux-3.4-simple/32_1_cilled_true-unreach-call_ok_nondet_linux-3.4-32_1-drivers--media--dvb--frontends--rtl2830.ko-ldv_main0_sequence_infinite_withcheck_stateful.cil.out.c,TRUE,5.232354,5.248736987,TRUE,OK,UNKNOW
ldv-linux-3.4-simple/32_1_cilled_true-unreach-call_ok_nondet_linux-3.4-32_1-drivers--media--dvb--frontends--stb6000.ko-ldv_main0_sequence_infinite_withcheck_stateful.cil.out.c,TRUE,3.22894,3.245636734,TRUE,OK,OK
ldv-linux-3.4-simple/32_1_cilled_true-unreach-call_ok_nondet_linux-3.4-32_1-drivers--media--dvb--frontends--tda18271c2dd.ko-ldv_main0_sequence_infinite_withcheck_stateful.cil.out.c,TRUE,9.229858,9.23308582,TRUE,OK,ERROR
ldv-linux-3.4-simple/32_1_cilled_true-unreach-call_ok_nondet_linux-3.4-32_1-drivers--media--dvb--frontends--tda826x.ko-ldv_main0_sequence_infinite_withcheck_stateful.cil.out.c,TRUE,3.052815,3.056703854,TRUE,OK,OK
ldv-linux-3.4-simple/32_1_cilled_true-unreach-call_ok_nondet_linux-3.4-32_1-drivers--media--dvb--frontends--tua6100.ko-ldv_main0_sequence_infinite_withcheck_stateful.cil.out.c,TRUE,3.222632,3.24019954,TRUE,OK,OK
ldv-linux-3.4-simple/32_1_cilled_true-unreach-call_ok_nondet_linux-3.4-32_1-drivers--media--dvb--ttpci--budget-patch.ko-ldv_main0_sequence_infinite_withcheck_stateful.cil.out.c,TRUE,7.553751,7.568362328,TRUE,OK,OK
ldv-linux-3.4-simple/32_1_cilled_true-unreach-call_ok_nondet_linux-3.4-32_1-drivers--media--dvb--ttpci--budget.ko-ldv_main0_sequence_infinite_withcheck_stateful.cil.out.c,TRUE,9.709672,9.72733066,TRUE,OK,OK
ldv-linux-3.4-simple/32_1_cilled_true-unreach-call_ok_nondet_linux-3.4-32_1-drivers--media--rc--keymaps--rc-adstech-dvb-t-pci.ko-ldv_main0_sequence_infinite_withcheck_stateful.cil.out.c,TRUE,0.446707,0.44883342,TRUE,OK,OK
ldv-linux-3.4-simple/32_1_cilled_true-unreach-call_ok_nondet_linux-3.4-32_1-drivers--media--rc--keymaps--rc-alink-dtu-m.ko-ldv_main0_sequence_infinite_withcheck_stateful.cil.out.c,TRUE,0.389792,0.393023847,TRUE,OK,OK
ldv-linux-3.4-simple/32_1_cilled_true-unreach-call_ok_nondet_linux-3.4-32_1-drivers--media--rc--keymaps--rc-anysee.ko-ldv_main0_sequence_infinite_withcheck_stateful.cil.out.c,TRUE,0.436021,0.438373217,TRUE,OK,OK
ldv-linux-3.4-simple/32_1_cilled_true-unreach-call_ok_nondet_linux-3.4-32_1-drivers--media--rc--keymaps--rc-apac-viewcomp.ko-ldv_main0_sequence_infinite_withcheck_stateful.cil.out.c,TRUE,0.416956,0.420494014,TRUE,OK,OK
ldv-linux-3.4-simple/32_1_cilled_true-unreach-call_ok_nondet_linux-3.4-32_1-drivers--media--rc--keymaps--rc-asus-pc39.ko-ldv_main0_sequence_infinite_withcheck_stateful.cil.out.c,TRUE,0.438437,0.44227684,TRUE,OK,OK
ldv-linux-3.4-simple/32_1_cilled_true-unreach-call_ok_nondet_linux-3.4-32_1-drivers--media--rc--keymaps--rc-ati-tv-wonder-hd-600.ko-ldv_main0_sequence_infinite_withcheck_stateful.cil.out.c,TRUE,0.41058,0.413040295,TRUE,OK,OK
ldv-linux-3.4-simple/32_1_cilled_true-unreach-call_ok_nondet_linux-3.4-32_1-drivers--media--rc--keymaps--rc-ati-x10.ko-ldv_main0_sequence_infinite_withcheck_stateful.cil.out.c,TRUE,0.456722,0.459025282,TRUE,OK,OK
ldv-linux-3.4-simple/32_1_cilled_true-unreach-call_ok_nondet_linux-3.4-32_1-drivers--media--rc--keymaps--rc-avermedia-a16d.ko-ldv_main0_sequence_infinite_withcheck_stateful.cil.out.c,TRUE,0.437778,0.441592653,TRUE,OK,OK
ldv-linux-3.4-simple/32_1_cilled_true-unreach-call_ok_nondet_linux-3.4-32_1-drivers--media--rc--keymaps--rc-avermedia-cardbus.ko-ldv_main0_sequence_infinite_withcheck_stateful.cil.out.c,TRUE,0.471303,0.474810225,TRUE,OK,OK
ldv-linux-3.4-simple/32_1_cilled_true-unreach-call_ok_nondet_linux-3.4-32_1-drivers--media--rc--keymaps--rc-avermedia-dvbt.ko-ldv_main0_sequence_infinite_withcheck_stateful.cil.out.c,TRUE,0.431121,0.433824661,TRUE,OK,OK
ldv-linux-3.4-simple/32_1_cilled_true-unreach-call_ok_nondet_linux-3.4-32_1-drivers--media--rc--keymaps--rc-avermedia-m135a.ko-ldv_main0_sequence_infinite_withcheck_stateful.cil.out.c,TRUE,0.518917,0.521679061,TRUE,OK,OK
ldv-linux-3.4-simple/32_1_cilled_true-unreach-call_ok_nondet_linux-3.4-32_1-drivers--media--rc--keymaps--rc-avermedia-m733a-rm-k6.ko-ldv_main0_sequence_infinite_withcheck_stateful.cil.out.c,TRUE,0.442534,0.444769675,TRUE,OK,OK
ldv-linux-3.4-simple/32_1_cilled_true-unreach-call_ok_nondet_linux-3.4-32_1-drivers--media--rc--keymaps--rc-avermedia-rm-ks.ko-ldv_main0_sequence_infinite_withcheck_stateful.cil.out.c,TRUE,0.409623,0.412646707,TRUE,OK,OK
ldv-linux-3.4-simple/32_1_cilled_true-unreach-call_ok_nondet_linux-3.4-32_1-drivers--media--rc--keymaps--rc-avermedia.ko-ldv_main0_sequence_infinite_withcheck_stateful.cil.out.c,TRUE,0.434912,0.437591308,TRUE,OK,OK
ldv-linux-3.4-simple/32_1_cilled_true-unreach-call_ok_nondet_linux-3.4-32_1-drivers--media--rc--keymaps--rc-avertv-303.ko-ldv_main0_sequence_infinite_withcheck_stateful.cil.out.c,TRUE,0.438886,0.441373169,TRUE,OK,OK
ldv-linux-3.4-simple/32_1_cilled_true-unreach-call_ok_nondet_linux-3.4-32_1-drivers--media--rc--keymaps--rc-azurewave-ad-tu700.ko-ldv_main0_sequence_infinite_withcheck_stateful.cil.out.c,TRUE,0.472256,0.477245814,TRUE,OK,OK
ldv-linux-3.4-simple/32_1_cilled_true-unreach-call_ok_nondet_linux-3.4-32_1-drivers--media--rc--keymaps--rc-behold-columbus.ko-ldv_main0_sequence_infinite_withcheck_stateful.cil.out.c,TRUE,0.422377,0.426687021,TRUE,OK,OK
ldv-linux-3.4-simple/32_1_cilled_true-unreach-call_ok_nondet_linux-3.4-32_1-drivers--media--rc--keymaps--rc-behold.ko-ldv_main0_sequence_infinite_withcheck_stateful.cil.out.c,TRUE,0.436899,0.439055255,TRUE,OK,OK
ldv-linux-3.4-simple/32_1_cilled_true-unreach-call_ok_nondet_linux-3.4-32_1-drivers--media--rc--keymaps--rc-budget-ci-old.ko-ldv_main0_sequence_infinite_withcheck_stateful.cil.out.c,TRUE,0.449711,0.45356133,TRUE,OK,OK
ldv-linux-3.4-simple/32_1_cilled_true-unreach-call_ok_nondet_linux-3.4-32_1-drivers--media--rc--keymaps--rc-cinergy-1400.ko-ldv_main0_sequence_infinite_withcheck_stateful.cil.out.c,TRUE,0.430417,0.43340391,TRUE,OK,OK
ldv-linux-3.4-simple/32_1_cilled_true-unreach-call_ok_nondet_linux-3.4-32_1-drivers--media--rc--keymaps--rc-cinergy.ko-ldv_main0_sequence_infinite_withcheck_stateful.cil.out.c,TRUE,0.436949,0.441599498,TRUE,OK,OK
ldv-linux-3.4-simple/32_1_cilled_true-unreach-call_ok_nondet_linux-3.4-32_1-drivers--media--rc--keymaps--rc-dib0700-nec.ko-ldv_main0_sequence_infinite_withcheck_stateful.cil.out.c,TRUE,0.504291,0.506493393,TRUE,OK,OK
ldv-linux-3.4-simple/32_1_cilled_true-unreach-call_ok_nondet_linux-3.4-32_1-drivers--media--rc--keymaps--rc-dib0700-rc5.ko-ldv_main0_sequence_infinite_withcheck_stateful.cil.out.c,TRUE,0.741822,0.745274396,TRUE,OK,OK
ldv-linux-3.4-simple/32_1_cilled_true-unreach-call_ok_nondet_linux-3.4-32_1-drivers--media--rc--keymaps--rc-digitalnow-tinytwin.ko-ldv_main0_sequence_infinite_withcheck_stateful.cil.out.c,TRUE,0.447367,0.449754548,TRUE,OK,OK
ldv-linux-3.4-simple/32_1_cilled_true-unreach-call_ok_nondet_linux-3.4-32_1-drivers--media--rc--keymaps--rc-digittrade.ko-ldv_main0_sequence_infinite_withcheck_stateful.cil.out.c,TRUE,0.435287,0.437847341,TRUE,OK,OK
ldv-linux-3.4-simple/32_1_cilled_true-unreach-call_ok_nondet_linux-3.4-32_1-drivers--media--rc--keymaps--rc-dm1105-nec.ko-ldv_main0_sequence_infinite_withcheck_stateful.cil.out.c,TRUE,0.461792,0.465648315,TRUE,OK,OK
ldv-linux-3.4-simple/32_1_cilled_true-unreach-call_ok_nondet_linux-3.4-32_1-drivers--media--rc--keymaps--rc-dntv-live-dvb-t.ko-ldv_main0_sequence_infinite_withcheck_stateful.cil.out.c,TRUE,0.47892,0.49848436,TRUE,OK,OK
ldv-linux-3.4-simple/32_1_cilled_true-unreach-call_ok_nondet_linux-3.4-32_1-drivers--media--rc--keymaps--rc-dntv-live-dvbt-pro.ko-ldv_main0_sequence_infinite_withcheck_stateful.cil.out.c,TRUE,0.495833,0.499599424,TRUE,OK,OK
ldv-linux-3.4-simple/32_1_cilled_true-unreach-call_ok_nondet_linux-3.4-32_1-drivers--media--rc--keymaps--rc-em-terratec.ko-ldv_main0_sequence_infinite_withcheck_stateful.cil.out.c,TRUE,0.436857,0.445275606,TRUE,OK,OK
ldv-linux-3.4-simple/32_1_cilled_true-unreach-call_ok_nondet_linux-3.4-32_1-drivers--media--rc--keymaps--rc-encore-enltv-fm53.ko-ldv_main0_sequence_infinite_withcheck_stateful.cil.out.c,TRUE,0.434146,0.436691831,TRUE,OK,OK
ldv-linux-3.4-simple/32_1_cilled_true-unreach-call_ok_nondet_linux-3.4-32_1-drivers--media--rc--keymaps--rc-encore-enltv.ko-ldv_main0_sequence_infinite_withcheck_stateful.cil.out.c,TRUE,0.506991,0.51263598,TRUE,OK,OK
ldv-linux-3.4-simple/32_1_cilled_true-unreach-call_ok_nondet_linux-3.4-32_1-drivers--media--rc--keymaps--rc-encore-enltv2.ko-ldv_main0_sequence_infinite_withcheck_stateful.cil.out.c,TRUE,0.500993,0.507590095,TRUE,OK,OK
ldv-linux-3.4-simple/32_1_cilled_true-unreach-call_ok_nondet_linux-3.4-32_1-drivers--media--rc--keymaps--rc-evga-indtube.ko-ldv_main0_sequence_infinite_withcheck_stateful.cil.out.c,TRUE,0.395477,0.406170048,TRUE,OK,OK
ldv-linux-3.4-simple/32_1_cilled_true-unreach-call_ok_nondet_linux-3.4-32_1-drivers--media--rc--keymaps--rc-eztv.ko-ldv_main0_sequence_infinite_withcheck_stateful.cil.out.c,TRUE,0.453439,0.456158187,TRUE,OK,OK
ldv-linux-3.4-simple/32_1_cilled_true-unreach-call_ok_nondet_linux-3.4-32_1-drivers--media--rc--keymaps--rc-flydvb.ko-ldv_main0_sequence_infinite_withcheck_stateful.cil.out.c,TRUE,0.428409,0.430786244,TRUE,OK,OK
ldv-linux-3.4-simple/32_1_cilled_true-unreach-call_ok_nondet_linux-3.4-32_1-drivers--media--rc--keymaps--rc-flyvideo.ko-ldv_main0_sequence_infinite_withcheck_stateful.cil.out.c,TRUE,0.413471,0.416875935,TRUE,OK,OK
ldv-linux-3.4-simple/32_1_cilled_true-unreach-call_ok_nondet_linux-3.4-32_1-drivers--media--rc--keymaps--rc-fusionhdtv-mce.ko-ldv_main0_sequence_infinite_withcheck_stateful.cil.out.c,TRUE,0.446024,0.449068026,TRUE,OK,OK
ldv-linux-3.4-simple/32_1_cilled_true-unreach-call_ok_nondet_linux-3.4-32_1-drivers--media--rc--keymaps--rc-gadmei-rm008z.ko-ldv_main0_sequence_infinite_withcheck_stateful.cil.out.c,TRUE,0.43397,0.436596067,TRUE,OK,OK
ldv-linux-3.4-simple/32_1_cilled_true-unreach-call_ok_nondet_linux-3.4-32_1-drivers--media--rc--keymaps--rc-genius-tvgo-a11mce.ko-ldv_main0_sequence_infinite_withcheck_stateful.cil.out.c,TRUE,0.42828,0.430992533,TRUE,OK,OK
ldv-linux-3.4-simple/32_1_cilled_true-unreach-call_ok_nondet_linux-3.4-32_1-drivers--media--rc--keymaps--rc-gotview7135.ko-ldv_main0_sequence_infinite_withcheck_stateful.cil.out.c,TRUE,0.436791,0.440178638,TRUE,OK,OK
ldv-linux-3.4-simple/32_1_cilled_true-unreach-call_ok_nondet_linux-3.4-32_1-drivers--media--rc--keymaps--rc-hauppauge.ko-ldv_main0_sequence_infinite_withcheck_stateful.cil.out.c,TRUE,0.715742,0.720468852,TRUE,OK,OK
ldv-linux-3.4-simple/32_1_cilled_true-unreach-call_ok_nondet_linux-3.4-32_1-drivers--media--rc--keymaps--rc-imon-mce.ko-ldv_main0_sequence_infinite_withcheck_stateful.cil.out.c,TRUE,0.477636,0.481659463,TRUE,OK,OK
ldv-linux-3.4-simple/32_1_cilled_true-unreach-call_ok_nondet_linux-3.4-32_1-drivers--media--rc--keymaps--rc-imon-pad.ko-ldv_main0_sequence_infinite_withcheck_stateful.cil.out.c,TRUE,0.547477,0.551620962,TRUE,OK,OK
ldv-linux-3.4-simple/32_1_cilled_true-unreach-call_ok_nondet_linux-3.4-32_1-drivers--media--rc--keymaps--rc-iodata-bctv7e.ko-ldv_main0_sequence_infinite_withcheck_stateful.cil.out.c,TRUE,0.429774,0.431963727,TRUE,OK,OK
ldv-linux-3.4-simple/32_1_cilled_true-unreach-call_ok_nondet_linux-3.4-32_1-drivers--media--rc--keymaps--rc-it913x-v1.ko-ldv_main0_sequence_infinite_withcheck_stateful.cil.out.c,TRUE,0.469902,0.472751909,TRUE,OK,OK
ldv-linux-3.4-simple/32_1_cilled_true-unreach-call_ok_nondet_linux-3.4-32_1-drivers--media--rc--keymaps--rc-it913x-v2.ko-ldv_main0_sequence_infinite_withcheck_stateful.cil.out.c,TRUE,0.45116,0.4544394,TRUE,OK,OK
ldv-linux-3.4-simple/32_1_cilled_true-unreach-call_ok_nondet_linux-3.4-32_1-drivers--media--rc--keymaps--rc-kaiomy.ko-ldv_main0_sequence_infinite_withcheck_stateful.cil.out.c,TRUE,0.420942,0.423577885,TRUE,OK,OK
ldv-linux-3.4-simple/32_1_cilled_true-unreach-call_ok_nondet_linux-3.4-32_1-drivers--media--rc--keymaps--rc-kworld-315u.ko-ldv_main0_sequence_infinite_withcheck_stateful.cil.out.c,TRUE,0.428952,0.431341715,TRUE,OK,OK
ldv-linux-3.4-simple/32_1_cilled_true-unreach-call_ok_nondet_linux-3.4-32_1-drivers--media--rc--keymaps--rc-kworld-pc150u.ko-ldv_main0_sequence_infinite_withcheck_stateful.cil.out.c,TRUE,0.462013,0.465669965,TRUE,OK,OK
ldv-linux-3.4-simple/32_1_cilled_true-unreach-call_ok_nondet_linux-3.4-32_1-drivers--media--rc--keymaps--rc-kworld-plus-tv-analog.ko-ldv_main0_sequence_infinite_withcheck_stateful.cil.out.c,TRUE,0.428793,0.431639683,TRUE,OK,OK
ldv-linux-3.4-simple/32_1_cilled_true-unreach-call_ok_nondet_linux-3.4-32_1-drivers--media--rc--keymaps--rc-leadtek-y04g0051.ko-ldv_main0_sequence_infinite_withcheck_stateful.cil.out.c,TRUE,0.448777,0.451298914,TRUE,OK,OK
ldv-linux-3.4-simple/32_1_cilled_true-unreach-call_ok_nondet_linux-3.4-32_1-drivers--media--rc--keymaps--rc-lirc.ko-ldv_main0_sequence_infinite_withcheck_stateful.cil.out.c,TRUE,0.366976,0.370246065,TRUE,OK,OK
ldv-linux-3.4-simple/32_1_cilled_true-unreach-call_ok_nondet_linux-3.4-32_1-drivers--media--rc--keymaps--rc-lme2510.ko-ldv_main0_sequence_infinite_withcheck_stateful.cil.out.c,TRUE,0.486713,0.490402997,TRUE,OK,OK
ldv-linux-3.4-simple/32_1_cilled_true-unreach-call_ok_nondet_linux-3.4-32_1-drivers--media--rc--keymaps--rc-manli.ko-ldv_main0_sequence_infinite_withcheck_stateful.cil.out.c,TRUE,0.418159,0.42062086,TRUE,OK,OK
ldv-linux-3.4-simple/32_1_cilled_true-unreach-call_ok_nondet_linux-3.4-32_1-drivers--media--rc--keymaps--rc-medion-x10.ko-ldv_main0_sequence_infinite_withcheck_stateful.cil.out.c,TRUE,0.480306,0.484757759,TRUE,OK,OK
ldv-linux-3.4-simple/32_1_cilled_true-unreach-call_ok_nondet_linux-3.4-32_1-drivers--media--rc--keymaps--rc-msi-digivox-ii.ko-ldv_main0_sequence_infinite_withcheck_stateful.cil.out.c,TRUE,0.386852,0.389908045,TRUE,OK,OK
ldv-linux-3.4-simple/32_1_cilled_true-unreach-call_ok_nondet_linux-3.4-32_1-drivers--media--rc--keymaps--rc-msi-digivox-iii.ko-ldv_main0_sequence_infinite_withcheck_stateful.cil.out.c,TRUE,0.427721,0.432343028,TRUE,OK,OK
ldv-linux-3.4-simple/32_1_cilled_true-unreach-call_ok_nondet_linux-3.4-32_1-drivers--media--rc--keymaps--rc-msi-tvanywhere-plus.ko-ldv_main0_sequence_infinite_withcheck_stateful.cil.out.c,TRUE,0.429174,0.432117738,TRUE,OK,OK
ldv-linux-3.4-simple/32_1_cilled_true-unreach-call_ok_nondet_linux-3.4-32_1-drivers--media--rc--keymaps--rc-msi-tvanywhere.ko-ldv_main0_sequence_infinite_withcheck_stateful.cil.out.c,TRUE,0.4038,0.406437011,TRUE,OK,OK
ldv-linux-3.4-simple/32_1_cilled_true-unreach-call_ok_nondet_linux-3.4-32_1-drivers--media--rc--keymaps--rc-nebula.ko-ldv_main0_sequence_infinite_withcheck_stateful.cil.out.c,TRUE,0.454581,0.459541878,TRUE,OK,OK
ldv-linux-3.4-simple/32_1_cilled_true-unreach-call_ok_nondet_linux-3.4-32_1-drivers--media--rc--keymaps--rc-nec-terratec-cinergy-xs.ko-ldv_main0_sequence_infinite_withcheck_stateful.cil.out.c,TRUE,0.522898,0.525243153,TRUE,OK,OK
ldv-linux-3.4-simple/32_1_cilled_true-unreach-call_ok_nondet_linux-3.4-32_1-drivers--media--rc--keymaps--rc-norwood.ko-ldv_main0_sequence_infinite_withcheck_stateful.cil.out.c,TRUE,0.414629,0.417938343,TRUE,OK,OK
ldv-linux-3.4-simple/32_1_cilled_true-unreach-call_ok_nondet_linux-3.4-32_1-drivers--media--rc--keymaps--rc-npgtech.ko-ldv_main0_sequence_infinite_withcheck_stateful.cil.out.c,TRUE,0.415262,0.417633439,TRUE,OK,OK
ldv-linux-3.4-simple/32_1_cilled_true-unreach-call_ok_nondet_linux-3.4-32_1-drivers--media--rc--keymaps--rc-pctv-sedna.ko-ldv_main0_sequence_infinite_withcheck_stateful.cil.out.c,TRUE,0.41288,0.415279559,TRUE,OK,OK
ldv-linux-3.4-simple/32_1_cilled_true-unreach-call_ok_nondet_linux-3.4-32_1-drivers--media--rc--keymaps--rc-pinnacle-color.ko-ldv_main0_sequence_infinite_withcheck_stateful.cil.out.c,TRUE,0.436747,0.439802516,TRUE,OK,OK
ldv-linux-3.4-simple/32_1_cilled_true-unreach-call_ok_nondet_linux-3.4-32_1-drivers--media--rc--keymaps--rc-pinnacle-grey.ko-ldv_main0_sequence_infinite_withcheck_stateful.cil.out.c,TRUE,0.457811,0.460275995,TRUE,OK,OK
ldv-linux-3.4-simple/32_1_cilled_true-unreach-call_ok_nondet_linux-3.4-32_1-drivers--media--rc--keymaps--rc-pinnacle-pctv-hd.ko-ldv_main0_sequence_infinite_withcheck_stateful.cil.out.c,TRUE,0.405851,0.409060762,TRUE,OK,OK
ldv-linux-3.4-simple/32_1_cilled_true-unreach-call_ok_nondet_linux-3.4-32_1-drivers--media--rc--keymaps--rc-pixelview-002t.ko-ldv_main0_sequence_infinite_withcheck_stateful.cil.out.c,TRUE,0.412224,0.415080021,TRUE,OK,OK
ldv-linux-3.4-simple/32_1_cilled_true-unreach-call_ok_nondet_linux-3.4-32_1-drivers--media--rc--keymaps--rc-pixelview-mk12.ko-ldv_main0_sequence_infinite_withcheck_stateful.cil.out.c,TRUE,0.420581,0.422932715,TRUE,OK,OK
ldv-linux-3.4-simple/32_1_cilled_true-unreach-call_ok_nondet_linux-3.4-32_1-drivers--media--rc--keymaps--rc-pixelview-new.ko-ldv_main0_sequence_infinite_withcheck_stateful.cil.out.c,TRUE,0.424709,0.427894511,TRUE,OK,OK
ldv-linux-3.4-simple/32_1_cilled_true-unreach-call_ok_nondet_linux-3.4-32_1-drivers--media--rc--keymaps--rc-pixelview.ko-ldv_main0_sequence_infinite_withcheck_stateful.cil.out.c,TRUE,0.435943,0.438882769,TRUE,OK,OK
ldv-linux-3.4-simple/32_1_cilled_true-unreach-call_ok_nondet_linux-3.4-32_1-drivers--media--rc--keymaps--rc-powercolor-real-angel.ko-ldv_main0_sequence_infinite_withcheck_stateful.cil.out.c,TRUE,0.429051,0.43310128,TRUE,OK,OK
ldv-linux-3.4-simple/32_1_cilled_true-unreach-call_ok_nondet_linux-3.4-32_1-drivers--media--rc--keymaps--rc-proteus-2309.ko-ldv_main0_sequence_infinite_withcheck_stateful.cil.out.c,TRUE,0.415054,0.418108623,TRUE,OK,OK
ldv-linux-3.4-simple/32_1_cilled_true-unreach-call_ok_nondet_linux-3.4-32_1-drivers--media--rc--keymaps--rc-purpletv.ko-ldv_main0_sequence_infinite_withcheck_stateful.cil.out.c,TRUE,0.443017,0.449251053,TRUE,OK,OK
ldv-linux-3.4-simple/32_1_cilled_true-unreach-call_ok_nondet_linux-3.4-32_1-drivers--media--rc--keymaps--rc-pv951.ko-ldv_main0_sequence_infinite_withcheck_stateful.cil.out.c,TRUE,0.44673,0.449572387,TRUE,OK,OK
ldv-linux-3.4-simple/32_1_cilled_true-unreach-call_ok_nondet_linux-3.4-32_1-drivers--media--rc--keymaps--rc-rc6-mce.ko-ldv_main0_sequence_infinite_withcheck_stateful.cil.out.c,TRUE,0.461068,0.464480746,TRUE,OK,OK
ldv-linux-3.4-simple/32_1_cilled_true-unreach-call_ok_nondet_linux-3.4-32_1-drivers--media--rc--keymaps--rc-real-audio-220-32-keys.ko-ldv_main0_sequence_infinite_withcheck_stateful.cil.out.c,TRUE,0.43525,0.438554544,TRUE,OK,OK
ldv-linux-3.4-simple/32_1_cilled_true-unreach-call_ok_nondet_linux-3.4-32_1-drivers--media--rc--keymaps--rc-snapstream-firefly.ko-ldv_main0_sequence_infinite_withcheck_stateful.cil.out.c,TRUE,0.498691,0.502274347,TRUE,OK,OK
ldv-linux-3.4-simple/32_1_cilled_true-unreach-call_ok_nondet_linux-3.4-32_1-drivers--media--rc--keymaps--rc-streamzap.ko-ldv_main0_sequence_infinite_withcheck_stateful.cil.out.c,TRUE,0.54475,0.568159338,TRUE,OK,OK
ldv-linux-3.4-simple/32_1_cilled_true-unreach-call_ok_nondet_linux-3.4-32_1-drivers--media--rc--keymaps--rc-tbs-nec.ko-ldv_main0_sequence_infinite_withcheck_stateful.cil.out.c,TRUE,0.51503,0.523532159,TRUE,OK,OK
ldv-linux-3.4-simple/32_1_cilled_true-unreach-call_ok_nondet_linux-3.4-32_1-drivers--media--rc--keymaps--rc-technisat-usb2.ko-ldv_main0_sequence_infinite_withcheck_stateful.cil.out.c,TRUE,0.486127,0.488668147,TRUE,OK,OK
ldv-linux-3.4-simple/32_1_cilled_true-unreach-call_ok_nondet_linux-3.4-32_1-drivers--media--rc--keymaps--rc-terratec-cinergy-xs.ko-ldv_main0_sequence_infinite_withcheck_stateful.cil.out.c,TRUE,0.526348,0.532478306,TRUE,OK,OK
ldv-linux-3.4-simple/32_1_cilled_true-unreach-call_ok_nondet_linux-3.4-32_1-drivers--media--rc--keymaps--rc-terratec-slim-2.ko-ldv_main0_sequence_infinite_withcheck_stateful.cil.out.c,TRUE,0.411502,0.416357844,TRUE,OK,OK
ldv-linux-3.4-simple/32_1_cilled_true-unreach-call_ok_nondet_linux-3.4-32_1-drivers--media--rc--keymaps--rc-terratec-slim.ko-ldv_main0_sequence_infinite_withcheck_stateful.cil.out.c,TRUE,0.424897,0.427789454,TRUE,OK,OK
ldv-linux-3.4-simple/32_1_cilled_true-unreach-call_ok_nondet_linux-3.4-32_1-drivers--media--rc--keymaps--rc-tevii-nec.ko-ldv_main0_sequence_infinite_withcheck_stateful.cil.out.c,TRUE,0.465668,0.468008735,TRUE,OK,OK
ldv-linux-3.4-simple/32_1_cilled_true-unreach-call_ok_nondet_linux-3.4-32_1-drivers--media--rc--keymaps--rc-tivo.ko-ldv_main0_sequence_infinite_withcheck_stateful.cil.out.c,TRUE,0.420348,0.422759577,TRUE,OK,OK
ldv-linux-3.4-simple/32_1_cilled_true-unreach-call_ok_nondet_linux-3.4-32_1-drivers--media--rc--keymaps--rc-total-media-in-hand.ko-ldv_main0_sequence_infinite_withcheck_stateful.cil.out.c,TRUE,0.460022,0.468861844,TRUE,OK,OK
ldv-linux-3.4-simple/32_1_cilled_true-unreach-call_ok_nondet_linux-3.4-32_1-drivers--media--rc--keymaps--rc-trekstor.ko-ldv_main0_sequence_infinite_withcheck_stateful.cil.out.c,TRUE,0.415375,0.418927134,TRUE,OK,OK
ldv-linux-3.4-simple/32_1_cilled_true-unreach-call_ok_nondet_linux-3.4-32_1-drivers--media--rc--keymaps--rc-tt-1500.ko-ldv_main0_sequence_infinite_withcheck_stateful.cil.out.c,TRUE,0.443252,0.446121066,TRUE,OK,OK
ldv-linux-3.4-simple/32_1_cilled_true-unreach-call_ok_nondet_linux-3.4-32_1-drivers--media--rc--keymaps--rc-twinhan1027.ko-ldv_main0_sequence_infinite_withcheck_stateful.cil.out.c,TRUE,0.46815,0.472738432,TRUE,OK,OK
ldv-linux-3.4-simple/32_1_cilled_true-unreach-call_ok_nondet_linux-3.4-32_1-drivers--media--rc--keymaps--rc-videomate-m1f.ko-ldv_main0_sequence_infinite_withcheck_stateful.cil.out.c,TRUE,0.454883,0.457727053,TRUE,OK,OK
ldv-linux-3.4-simple/32_1_cilled_true-unreach-call_ok_nondet_linux-3.4-32_1-drivers--media--rc--keymaps--rc-videomate-s350.ko-ldv_main0_sequence_infinite_withcheck_stateful.cil.out.c,TRUE,0.457425,0.460856388,TRUE,OK,OK
ldv-linux-3.4-simple/32_1_cilled_true-unreach-call_ok_nondet_linux-3.4-32_1-drivers--media--rc--keymaps--rc-videomate-tv-pvr.ko-ldv_main0_sequence_infinite_withcheck_stateful.cil.out.c,TRUE,0.459825,0.46374709,TRUE,OK,OK
ldv-linux-3.4-simple/32_1_cilled_true-unreach-call_ok_nondet_linux-3.4-32_1-drivers--media--rc--keymaps--rc-winfast-usbii-deluxe.ko-ldv_main0_sequence_infinite_withcheck_stateful.cil.out.c,TRUE,0.431769,0.435899974,TRUE,OK,OK
ldv-linux-3.4-simple/32_1_cilled_true-unreach-call_ok_nondet_linux-3.4-32_1-drivers--media--rc--keymaps--rc-winfast.ko-ldv_main0_sequence_infinite_withcheck_stateful.cil.out.c,TRUE,0.464869,0.467634711,TRUE,OK,OK
ldv-linux-3.4-simple/32_1_cilled_true-unreach-call_ok_nondet_linux-3.4-32_1-drivers--media--video--cx88--cx88-vp3054-i2c.ko-ldv_main0_sequence_infinite_withcheck_stateful.cil.out.c,TRUE,3.977528,3.998114644,TRUE,OK,OK
ldv-linux-3.4-simple/32_1_cilled_true-unreach-call_ok_nondet_linux-3.4-32_1-drivers--media--video--gspca--gspca_benq.ko-ldv_main0_sequence_infinite_withcheck_stateful.cil.out.c,TRUE,3.261936,3.265190584,TRUE,OK,OK
ldv-linux-3.4-simple/32_1_cilled_true-unreach-call_ok_nondet_linux-3.4-32_1-drivers--media--video--gspca--gspca_finepix.ko-ldv_main0_sequence_infinite_withcheck_stateful.cil.out.c,TRUE,93.093309,93.18148704,TRUE,OK,OK
ldv-linux-3.4-simple/32_1_cilled_true-unreach-call_ok_nondet_linux-3.4-32_1-drivers--media--video--gspca--gspca_jl2005bcd.ko-ldv_main0_sequence_infinite_withcheck_stateful.cil.out.c,TRUE,103.869199,103.9997482,TRUE,OK,OK
ldv-linux-3.4-simple/32_1_cilled_true-unreach-call_ok_nondet_linux-3.4-32_1-drivers--media--video--gspca--gspca_pac207.ko-ldv_main0_sequence_infinite_withcheck_stateful.cil.out.c,TRUE,4.299893,4.303250683,TRUE,OK,ERROR
ldv-linux-3.4-simple/32_1_cilled_true-unreach-call_ok_nondet_linux-3.4-32_1-drivers--media--video--gspca--gspca_sq905c.ko-ldv_main0_sequence_infinite_withcheck_stateful.cil.out.c,TRUE,52.034718,52.19750058,TRUE,OK,OK
ldv-linux-3.4-simple/32_1_cilled_true-unreach-call_ok_nondet_linux-3.4-32_1-drivers--media--video--gspca--gspca_stv0680.ko-ldv_main0_sequence_infinite_withcheck_stateful.cil.out.c,TRUE,13.206329,13.22355039,TRUE,OK,OK
ldv-linux-3.4-simple/32_1_cilled_true-unreach-call_ok_nondet_linux-3.4-32_1-drivers--media--video--zoran--zr36016.ko-ldv_main0_sequence_infinite_withcheck_stateful.cil.out.c,TRUE,2.386683,2.404664856,TRUE,OK,OK
ldv-linux-3.4-simple/32_1_cilled_true-unreach-call_ok_nondet_linux-3.4-32_1-drivers--message--i2o--i2o_bus.ko-ldv_main0_sequence_infinite_withcheck_stateful.cil.out.c,TRUE,1.517513,1.520984054,TRUE,OK,OK
ldv-linux-3.4-simple/32_1_cilled_true-unreach-call_ok_nondet_linux-3.4-32_1-drivers--message--i2o--i2o_scsi.ko-ldv_main0_sequence_infinite_withcheck_stateful.cil.out.c,TRUE,5.539216,5.543028348,TRUE,OK,UNKNOW
ldv-linux-3.4-simple/32_1_cilled_true-unreach-call_ok_nondet_linux-3.4-32_1-drivers--mfd--janz-cmodio.ko-ldv_main0_sequence_infinite_withcheck_stateful.cil.out.c,TRUE,2.321885,2.325504062,TRUE,OK,ERROR
ldv-linux-3.4-simple/32_1_cilled_true-unreach-call_ok_nondet_linux-3.4-32_1-drivers--mfd--rdc321x-southbridge.ko-ldv_main0_sequence_infinite_withcheck_stateful.cil.out.c,TRUE,1.376843,1.394914714,TRUE,OK,OK
ldv-linux-3.4-simple/32_1_cilled_true-unreach-call_ok_nondet_linux-3.4-32_1-drivers--mfd--tps6105x.ko-ldv_main0_sequence_infinite_withcheck_stateful.cil.out.c,TRUE,15.035735,15.05347031,TRUE,OK,OK
ldv-linux-3.4-simple/32_1_cilled_true-unreach-call_ok_nondet_linux-3.4-32_1-drivers--mfd--tps6507x.ko-ldv_main0_sequence_infinite_withcheck_stateful.cil.out.c,TRUE,1.883648,1.888061487,TRUE,OK,OK
ldv-linux-3.4-simple/32_1_cilled_true-unreach-call_ok_nondet_linux-3.4-32_1-drivers--mfd--tps65217.ko-ldv_main0_sequence_infinite_withcheck_stateful.cil.out.c,TRUE,2.268196,2.271383438,TRUE,OK,OK
ldv-linux-3.4-simple/32_1_cilled_true-unreach-call_ok_nondet_linux-3.4-32_1-drivers--mfd--ucb1400_core.ko-ldv_main0_sequence_infinite_withcheck_stateful.cil.out.c,TRUE,2.427941,2.431415602,TRUE,OK,OK
ldv-linux-3.4-simple/32_1_cilled_true-unreach-call_ok_nondet_linux-3.4-32_1-drivers--mfd--wl1273-core.ko-ldv_main0_sequence_infinite_withcheck_stateful.cil.out.c,TRUE,2.588212,2.593401088,TRUE,OK,OK
ldv-linux-3.4-simple/32_1_cilled_true-unreach-call_ok_nondet_linux-3.4-32_1-drivers--mfd--wm8400-core.ko-ldv_main0_sequence_infinite_withcheck_stateful.cil.out.c,TRUE,3.13489,3.15171593,TRUE,OK,OK
ldv-linux-3.4-simple/32_1_cilled_true-unreach-call_ok_nondet_linux-3.4-32_1-drivers--misc--bmp085.ko-ldv_main0_sequence_infinite_withcheck_stateful.cil.out.c,TRUE,3.132515,3.149125874,TRUE,OK,OK
ldv-linux-3.4-simple/32_1_cilled_true-unreach-call_ok_nondet_linux-3.4-32_1-drivers--misc--isl29020.ko-ldv_main0_sequence_infinite_withcheck_stateful.cil.out.c,TRUE,2.119677,2.122507233,TRUE,OK,OK
ldv-linux-3.4-simple/32_1_cilled_true-unreach-call_ok_nondet_linux-3.4-32_1-drivers--misc--sgi-xp--xp.ko-ldv_main0_sequence_infinite_withcheck_stateful.cil.out.c,TRUE,3.122734,3.14325807,TRUE,OK,OK
ldv-linux-3.4-simple/32_1_cilled_true-unreach-call_ok_nondet_linux-3.4-32_1-drivers--misc--ti_dac7512.ko-ldv_main0_sequence_infinite_withcheck_stateful.cil.out.c,TRUE,1.814887,1.821276302,TRUE,OK,OK
ldv-linux-3.4-simple/32_1_cilled_true-unreach-call_ok_nondet_linux-3.4-32_1-drivers--misc--tifm_core.ko-ldv_main0_sequence_infinite_withcheck_stateful.cil.out.c,TRUE,3.545202,3.565716516,TRUE,OK,OK
ldv-linux-3.4-simple/32_1_cilled_true-unreach-call_ok_nondet_linux-3.4-32_1-drivers--misc--vmw_balloon.ko-ldv_main0_sequence_infinite_withcheck_stateful.cil.out.c,TRUE,4.16572,4.169396525,TRUE,OK,OK
ldv-linux-3.4-simple/32_1_cilled_true-unreach-call_ok_nondet_linux-3.4-32_1-drivers--mmc--host--sdricoh_cs.ko-ldv_main0_sequence_infinite_withcheck_stateful.cil.out.c,TRUE,4.516815,4.53324124,TRUE,OK,UNKNOW
ldv-linux-3.4-simple/32_1_cilled_true-unreach-call_ok_nondet_linux-3.4-32_1-drivers--mtd--ar7part.ko-ldv_main0_sequence_infinite_withcheck_stateful.cil.out.c,TRUE,1.33234,1.334854216,TRUE,OK,OK
ldv-linux-3.4-simple/32_1_cilled_true-unreach-call_ok_nondet_linux-3.4-32_1-drivers--mtd--devices--doc2001plus.ko-ldv_main0_sequence_infinite_withcheck_stateful.cil.out.c,TRUE,4.842028,4.862513156,TRUE,OK,OK
ldv-linux-3.4-simple/32_1_cilled_true-unreach-call_ok_nondet_linux-3.4-32_1-drivers--mtd--devices--docprobe.ko-ldv_main0_sequence_infinite_withcheck_stateful.cil.out.c,TRUE,2.185328,2.188149671,TRUE,OK,ERROR
ldv-linux-3.4-simple/32_1_cilled_true-unreach-call_ok_nondet_linux-3.4-32_1-drivers--mtd--devices--mtdram.ko-ldv_main0_sequence_infinite_withcheck_stateful.cil.out.c,TRUE,1.381765,1.384859637,TRUE,OK,OK
ldv-linux-3.4-simple/32_1_cilled_true-unreach-call_ok_nondet_linux-3.4-32_1-drivers--mtd--devices--phram.ko-ldv_main0_sequence_infinite_withcheck_stateful.cil.out.c,TRUE,1.789462,1.792754334,TRUE,OK,OK
ldv-linux-3.4-simple/32_1_cilled_true-unreach-call_ok_nondet_linux-3.4-32_1-drivers--mtd--devices--slram.ko-ldv_main0_sequence_infinite_withcheck_stateful.cil.out.c,TRUE,2.951579,2.955088499,TRUE,OK,OK
ldv-linux-3.4-simple/32_1_cilled_true-unreach-call_ok_nondet_linux-3.4-32_1-drivers--mtd--ftl.ko-ldv_main0_sequence_infinite_withcheck_stateful.cil.out.c,TRUE,6.824635,6.841510104,TRUE,OK,UNKNOW
ldv-linux-3.4-simple/32_1_cilled_true-unreach-call_ok_nondet_linux-3.4-32_1-drivers--mtd--inftl.ko-ldv_main0_sequence_infinite_withcheck_stateful.cil.out.c,TRUE,9.467492,9.48464621,TRUE,OK,ERROR
ldv-linux-3.4-simple/32_1_cilled_true-unreach-call_ok_nondet_linux-3.4-32_1-drivers--mtd--maps--intel_vr_nor.ko-ldv_main0_sequence_infinite_withcheck_stateful.cil.out.c,TRUE,2.756153,2.759681802,TRUE,OK,OK
ldv-linux-3.4-simple/32_1_cilled_true-unreach-call_ok_nondet_linux-3.4-32_1-drivers--mtd--maps--netsc520.ko-ldv_main0_sequence_infinite_withcheck_stateful.cil.out.c,TRUE,1.063004,1.069813638,TRUE,OK,OK
ldv-linux-3.4-simple/32_1_cilled_true-unreach-call_ok_nondet_linux-3.4-32_1-drivers--mtd--maps--nettel.ko-ldv_main0_sequence_infinite_withcheck_stateful.cil.out.c,TRUE,1.665411,1.682883864,TRUE,OK,OK
ldv-linux-3.4-simple/32_1_cilled_true-unreach-call_ok_nondet_linux-3.4-32_1-drivers--mtd--maps--sbc_gxx.ko-ldv_main0_sequence_infinite_withcheck_stateful.cil.out.c,TRUE,1.40281,1.405465878,TRUE,OK,OK
ldv-linux-3.4-simple/32_1_cilled_true-unreach-call_ok_nondet_linux-3.4-32_1-drivers--mtd--maps--ts5500_flash.ko-ldv_main0_sequence_infinite_withcheck_stateful.cil.out.c,TRUE,1.025439,1.028503699,TRUE,OK,OK
ldv-linux-3.4-simple/32_1_cilled_true-unreach-call_ok_nondet_linux-3.4-32_1-drivers--mtd--mtdblock_ro.ko-ldv_main0_sequence_infinite_withcheck_stateful.cil.out.c,TRUE,1.136657,1.141087558,TRUE,OK,OK
ldv-linux-3.4-simple/32_1_cilled_true-unreach-call_ok_nondet_linux-3.4-32_1-drivers--mtd--mtdoops.ko-ldv_main0_sequence_infinite_withcheck_stateful.cil.out.c,TRUE,3.931961,3.950294629,TRUE,OK,ERROR
ldv-linux-3.4-simple/32_1_cilled_true-unreach-call_ok_nondet_linux-3.4-32_1-drivers--mtd--nftl.ko-ldv_main0_sequence_infinite_withcheck_stateful.cil.out.c,TRUE,8.488239,8.506712628,TRUE,OK,UNKNOW
ldv-linux-3.4-simple/32_1_cilled_true-unreach-call_ok_nondet_linux-3.4-32_1-drivers--mtd--onenand--onenand_sim.ko-ldv_main0_sequence_infinite_withcheck_stateful.cil.out.c,TRUE,2.947258,2.956091633,TRUE,OK,OK
ldv-linux-3.4-simple/32_1_cilled_true-unreach-call_ok_nondet_linux-3.4-32_1-drivers--mtd--tests--mtd_oobtest.ko-ldv_main0_sequence_infinite_withcheck_stateful.cil.out.c,TRUE,4.111845,4.136127025,TRUE,OK,UNKNOW
ldv-linux-3.4-simple/32_1_cilled_true-unreach-call_ok_nondet_linux-3.4-32_1-drivers--mtd--tests--mtd_pagetest.ko-ldv_main0_sequence_infinite_withcheck_stateful.cil.out.c,TRUE,3.397239,3.415115936,TRUE,OK,UNKNOW
ldv-linux-3.4-simple/32_1_cilled_true-unreach-call_ok_nondet_linux-3.4-32_1-drivers--mtd--tests--mtd_subpagetest.ko-ldv_main0_sequence_infinite_withcheck_stateful.cil.out.c,TRUE,3.001618,3.006210024,TRUE,OK,ERROR
ldv-linux-3.4-simple/32_1_cilled_true-unreach-call_ok_nondet_linux-3.4-32_1-drivers--net--arcnet--arc-rawmode.ko-ldv_main0_sequence_infinite_withcheck_stateful.cil.out.c,TRUE,3.583503,3.595894272,TRUE,OK,OK
ldv-linux-3.4-simple/32_1_cilled_true-unreach-call_ok_nondet_linux-3.4-32_1-drivers--net--arcnet--com20020_cs.ko-ldv_main0_sequence_infinite_withcheck_stateful.cil.out.c,TRUE,4.686418,4.703811358,TRUE,OK,OK
ldv-linux-3.4-simple/32_1_cilled_true-unreach-call_ok_nondet_linux-3.4-32_1-drivers--net--arcnet--rfc1051.ko-ldv_main0_sequence_infinite_withcheck_stateful.cil.out.c,TRUE,3.781808,3.78682084,TRUE,OK,OK
ldv-linux-3.4-simple/32_1_cilled_true-unreach-call_ok_nondet_linux-3.4-32_1-drivers--net--arcnet--rfc1201.ko-ldv_main0_sequence_infinite_withcheck_stateful.cil.out.c,TRUE,5.985657,5.98882168,TRUE,OK,OK
ldv-linux-3.4-simple/32_1_cilled_true-unreach-call_ok_nondet_linux-3.4-32_1-drivers--net--irda--act200l-sir.ko-ldv_main0_sequence_infinite_withcheck_stateful.cil.out.c,TRUE,3.971137,3.975233729,TRUE,OK,OK
ldv-linux-3.4-simple/32_1_cilled_true-unreach-call_ok_nondet_linux-3.4-32_1-drivers--net--irda--esi-sir.ko-ldv_main0_sequence_infinite_withcheck_stateful.cil.out.c,TRUE,3.438908,3.470779501,TRUE,OK,OK
ldv-linux-3.4-simple/32_1_cilled_true-unreach-call_ok_nondet_linux-3.4-32_1-drivers--net--irda--girbil-sir.ko-ldv_main0_sequence_infinite_withcheck_stateful.cil.out.c,TRUE,3.617164,3.638188622,TRUE,OK,OK
ldv-linux-3.4-simple/32_1_cilled_true-unreach-call_ok_nondet_linux-3.4-32_1-drivers--net--irda--litelink-sir.ko-ldv_main0_sequence_infinite_withcheck_stateful.cil.out.c,TRUE,3.512254,3.515404515,TRUE,OK,UNKNOW
ldv-linux-3.4-simple/32_1_cilled_true-unreach-call_ok_nondet_linux-3.4-32_1-drivers--net--irda--ma600-sir.ko-ldv_main0_sequence_infinite_withcheck_stateful.cil.out.c,TRUE,3.565042,3.576527694,TRUE,OK,OK
ldv-linux-3.4-simple/32_1_cilled_true-unreach-call_ok_nondet_linux-3.4-32_1-drivers--net--irda--mcp2120-sir.ko-ldv_main0_sequence_infinite_withcheck_stateful.cil.out.c,TRUE,3.626642,3.643395005,TRUE,OK,OK
ldv-linux-3.4-simple/32_1_cilled_true-unreach-call_ok_nondet_linux-3.4-32_1-drivers--net--irda--old_belkin-sir.ko-ldv_main0_sequence_infinite_withcheck_stateful.cil.out.c,TRUE,3.30657,3.309429818,TRUE,OK,OK
ldv-linux-3.4-simple/32_1_cilled_true-unreach-call_ok_nondet_linux-3.4-32_1-drivers--net--irda--tekram-sir.ko-ldv_main0_sequence_infinite_withcheck_stateful.cil.out.c,TRUE,3.55578,3.578629677,TRUE,OK,OK
ldv-linux-3.4-simple/32_1_cilled_true-unreach-call_ok_nondet_linux-3.4-32_1-drivers--net--phy--amd.ko-ldv_main0_sequence_infinite_withcheck_stateful.cil.out.c,TRUE,2.166537,2.171484283,TRUE,OK,OK
ldv-linux-3.4-simple/32_1_cilled_true-unreach-call_ok_nondet_linux-3.4-32_1-drivers--net--phy--broadcom.ko-ldv_main0_sequence_infinite_withcheck_stateful.cil.out.c,TRUE,4.093322,4.101161367,TRUE,OK,OK
ldv-linux-3.4-simple/32_1_cilled_true-unreach-call_ok_nondet_linux-3.4-32_1-drivers--net--phy--cicada.ko-ldv_main0_sequence_infinite_withcheck_stateful.cil.out.c,TRUE,3.088079,3.104936205,TRUE,OK,OK
ldv-linux-3.4-simple/32_1_cilled_true-unreach-call_ok_nondet_linux-3.4-32_1-drivers--net--phy--davicom.ko-ldv_main0_sequence_infinite_withcheck_stateful.cil.out.c,TRUE,3.249764,3.266532635,TRUE,OK,OK
ldv-linux-3.4-simple/32_1_cilled_true-unreach-call_ok_nondet_linux-3.4-32_1-drivers--net--phy--et1011c.ko-ldv_main0_sequence_infinite_withcheck_stateful.cil.out.c,TRUE,3.054375,3.05740311,TRUE,OK,OK
ldv-linux-3.4-simple/32_1_cilled_true-unreach-call_ok_nondet_linux-3.4-32_1-drivers--net--phy--icplus.ko-ldv_main0_sequence_infinite_withcheck_stateful.cil.out.c,TRUE,3.443304,3.460132507,TRUE,OK,OK
ldv-linux-3.4-simple/32_1_cilled_true-unreach-call_ok_nondet_linux-3.4-32_1-drivers--net--phy--lxt.ko-ldv_main0_sequence_infinite_withcheck_stateful.cil.out.c,TRUE,3.293298,3.297710861,TRUE,OK,OK
ldv-linux-3.4-simple/32_1_cilled_true-unreach-call_ok_nondet_linux-3.4-32_1-drivers--net--phy--marvell.ko-ldv_main0_sequence_infinite_withcheck_stateful.cil.out.c,TRUE,4.880798,4.884105973,TRUE,OK,OK
ldv-linux-3.4-simple/32_1_cilled_true-unreach-call_ok_nondet_linux-3.4-32_1-drivers--net--phy--micrel.ko-ldv_main0_sequence_infinite_withcheck_stateful.cil.out.c,TRUE,2.610676,2.614326835,TRUE,OK,OK
ldv-linux-3.4-simple/32_1_cilled_true-unreach-call_ok_nondet_linux-3.4-32_1-drivers--net--phy--national.ko-ldv_main0_sequence_infinite_withcheck_stateful.cil.out.c,TRUE,3.232585,3.236106417,TRUE,OK,OK
ldv-linux-3.4-simple/32_1_cilled_true-unreach-call_ok_nondet_linux-3.4-32_1-drivers--net--phy--qsemi.ko-ldv_main0_sequence_infinite_withcheck_stateful.cil.out.c,TRUE,3.011926,3.017319209,TRUE,OK,OK
ldv-linux-3.4-simple/32_1_cilled_true-unreach-call_ok_nondet_linux-3.4-32_1-drivers--net--phy--realtek.ko-ldv_main0_sequence_infinite_withcheck_stateful.cil.out.c,TRUE,2.180946,2.200285918,TRUE,OK,OK
ldv-linux-3.4-simple/32_1_cilled_true-unreach-call_ok_nondet_linux-3.4-32_1-drivers--net--phy--smsc.ko-ldv_main0_sequence_infinite_withcheck_stateful.cil.out.c,TRUE,3.420942,3.423915932,TRUE,OK,OK
ldv-linux-3.4-simple/32_1_cilled_true-unreach-call_ok_nondet_linux-3.4-32_1-drivers--net--phy--ste10Xp.ko-ldv_main0_sequence_infinite_withcheck_stateful.cil.out.c,TRUE,3.204184,3.214130597,TRUE,OK,OK
ldv-linux-3.4-simple/32_1_cilled_true-unreach-call_ok_nondet_linux-3.4-32_1-drivers--net--phy--vitesse.ko-ldv_main0_sequence_infinite_withcheck_stateful.cil.out.c,TRUE,2.386816,2.393128286,TRUE,OK,OK
ldv-linux-3.4-simple/32_1_cilled_true-unreach-call_ok_nondet_linux-3.4-32_1-drivers--net--ppp--bsd_comp.ko-ldv_main0_sequence_infinite_withcheck_stateful.cil.out.c,TRUE,3.035014,3.039202968,TRUE,OK,UNKNOW
ldv-linux-3.4-simple/32_1_cilled_true-unreach-call_ok_nondet_linux-3.4-32_1-drivers--net--ppp--ppp_mppe.ko-ldv_main0_sequence_infinite_withcheck_stateful.cil.out.c,TRUE,4.081537,4.090378733,TRUE,OK,OK
ldv-linux-3.4-simple/32_1_cilled_true-unreach-call_ok_nondet_linux-3.4-32_1-drivers--net--sungem_phy.ko-ldv_main0_sequence_infinite_withcheck_stateful.cil.out.c,TRUE,5.524626,5.531951524,TRUE,OK,ERROR
ldv-linux-3.4-simple/32_1_cilled_true-unreach-call_ok_nondet_linux-3.4-32_1-drivers--net--team--team_mode_activebackup.ko-ldv_main0_sequence_infinite_withcheck_stateful.cil.out.c,TRUE,3.295829,3.303796193,TRUE,OK,OK
ldv-linux-3.4-simple/32_1_cilled_true-unreach-call_ok_nondet_linux-3.4-32_1-drivers--net--team--team_mode_roundrobin.ko-ldv_main0_sequence_infinite_withcheck_stateful.cil.out.c,TRUE,3.417388,3.423140569,TRUE,OK,OK
ldv-linux-3.4-simple/32_1_cilled_true-unreach-call_ok_nondet_linux-3.4-32_1-drivers--net--tokenring--abyss.ko-ldv_main0_sequence_infinite_withcheck_stateful.cil.out.c,TRUE,4.548863,4.549857827,TRUE,OK,ERROR
ldv-linux-3.4-simple/32_1_cilled_true-unreach-call_ok_nondet_linux-3.4-32_1-drivers--net--usb--cdc_subset.ko-ldv_main0_sequence_infinite_withcheck_stateful.cil.out.c,TRUE,3.611864,3.630888852,TRUE,OK,OK
ldv-linux-3.4-simple/32_1_cilled_true-unreach-call_ok_nondet_linux-3.4-32_1-drivers--net--usb--plusb.ko-ldv_main0_sequence_infinite_withcheck_stateful.cil.out.c,TRUE,3.424011,3.445463333,TRUE,OK,OK
ldv-linux-3.4-simple/32_1_cilled_true-unreach-call_ok_nondet_linux-3.4-32_1-drivers--net--wireless--airo_cs.ko-ldv_main0_sequence_infinite_withcheck_stateful.cil.out.c,TRUE,3.751827,3.759220681,TRUE,OK,OK
ldv-linux-3.4-simple/32_1_cilled_true-unreach-call_ok_nondet_linux-3.4-32_1-drivers--net--wireless--ath--ath6kl--ath6kl_usb.ko-ldv_main0_sequence_infinite_withcheck_stateful.cil.out.c,TRUE,4.681558,4.691498922,TRUE,OK,OK
ldv-linux-3.4-simple/32_1_cilled_true-unreach-call_ok_nondet_linux-3.4-32_1-drivers--net--wireless--mwifiex--mwifiex_pcie.ko-ldv_main0_sequence_infinite_withcheck_stateful.cil.out.c,TRUE,13.066765,13.10045377,TRUE,OK,ERROR
ldv-linux-3.4-simple/32_1_cilled_true-unreach-call_ok_nondet_linux-3.4-32_1-drivers--net--wireless--orinoco--orinoco_nortel.ko-ldv_main0_sequence_infinite_withcheck_stateful.cil.out.c,TRUE,4.201488,4.209491428,TRUE,OK,OK
ldv-linux-3.4-simple/32_1_cilled_true-unreach-call_ok_nondet_linux-3.4-32_1-drivers--net--wireless--orinoco--orinoco_pci.ko-ldv_main0_sequence_infinite_withcheck_stateful.cil.out.c,TRUE,4.038233,4.04226623,TRUE,OK,OK
ldv-linux-3.4-simple/32_1_cilled_true-unreach-call_ok_nondet_linux-3.4-32_1-drivers--net--wireless--orinoco--orinoco_tmd.ko-ldv_main0_sequence_infinite_withcheck_stateful.cil.out.c,TRUE,3.962862,3.967577202,TRUE,OK,OK
ldv-linux-3.4-simple/32_1_cilled_true-unreach-call_ok_nondet_linux-3.4-32_1-drivers--net--wireless--wl1251--wl1251_spi.ko-ldv_main0_sequence_infinite_withcheck_stateful.cil.out.c,TRUE,4.498927,4.50243251,TRUE,OK,OK
ldv-linux-3.4-simple/32_1_cilled_true-unreach-call_ok_nondet_linux-3.4-32_1-drivers--net--wireless--wl12xx--wl12xx_sdio.ko-ldv_main0_sequence_infinite_withcheck_stateful.cil.out.c,TRUE,5.311678,5.328579269,TRUE,OK,OK
ldv-linux-3.4-simple/32_1_cilled_true-unreach-call_ok_nondet_linux-3.4-32_1-drivers--parport--parport_cs.ko-ldv_main0_sequence_infinite_withcheck_stateful.cil.out.c,TRUE,3.032559,3.050804247,TRUE,OK,OK
ldv-linux-3.4-simple/32_1_cilled_true-unreach-call_ok_nondet_linux-3.4-32_1-drivers--pci--hotplug--cpcihp_generic.ko-ldv_main0_sequence_infinite_withcheck_stateful.cil.out.c,TRUE,3.321093,3.324783663,TRUE,OK,OK
ldv-linux-3.4-simple/32_1_cilled_true-unreach-call_ok_nondet_linux-3.4-32_1-drivers--pci--ioapic.ko-ldv_main0_sequence_infinite_withcheck_stateful.cil.out.c,TRUE,2.33817,2.356049396,TRUE,OK,OK
ldv-linux-3.4-simple/32_1_cilled_true-unreach-call_ok_nondet_linux-3.4-32_1-drivers--pci--pci-stub.ko-ldv_main0_sequence_infinite_withcheck_stateful.cil.out.c,TRUE,1.39406,1.398478414,TRUE,OK,OK
ldv-linux-3.4-simple/32_1_cilled_true-unreach-call_ok_nondet_linux-3.4-32_1-drivers--platform--x86--asus-nb-wmi.ko-ldv_main0_sequence_infinite_withcheck_stateful.cil.out.c,TRUE,2.38223,2.385629858,TRUE,OK,OK
ldv-linux-3.4-simple/32_1_cilled_true-unreach-call_ok_nondet_linux-3.4-32_1-drivers--platform--x86--dell-wmi-aio.ko-ldv_main0_sequence_infinite_withcheck_stateful.cil.out.c,TRUE,2.403618,2.407028439,TRUE,OK,UNKNOW
ldv-linux-3.4-simple/32_1_cilled_true-unreach-call_ok_nondet_linux-3.4-32_1-drivers--platform--x86--intel_menlow.ko-ldv_main0_sequence_infinite_withcheck_stateful.cil.out.c,TRUE,367.140708,367.6990808,TRUE,OK,OK
ldv-linux-3.4-simple/32_1_cilled_true-unreach-call_ok_nondet_linux-3.4-32_1-drivers--platform--x86--mxm-wmi.ko-ldv_main0_sequence_infinite_withcheck_stateful.cil.out.c,TRUE,1.878827,1.884671985,TRUE,OK,OK
ldv-linux-3.4-simple/32_1_cilled_true-unreach-call_ok_nondet_linux-3.4-32_1-drivers--platform--x86--panasonic-laptop.ko-ldv_main0_sequence_infinite_withcheck_stateful.cil.out.c,TRUE,4.086643,4.090116457,TRUE,OK,UNKNOW
ldv-linux-3.4-simple/32_1_cilled_true-unreach-call_ok_nondet_linux-3.4-32_1-drivers--platform--x86--topstar-laptop.ko-ldv_main0_sequence_infinite_withcheck_stateful.cil.out.c,TRUE,2.669477,2.67447033,TRUE,OK,OK
ldv-linux-3.4-simple/32_1_cilled_true-unreach-call_ok_nondet_linux-3.4-32_1-drivers--platform--x86--toshiba_bluetooth.ko-ldv_main0_sequence_infinite_withcheck_stateful.cil.out.c,TRUE,2.250665,2.266823648,TRUE,OK,OK
ldv-linux-3.4-simple/32_1_cilled_true-unreach-call_ok_nondet_linux-3.4-32_1-drivers--platform--x86--xo15-ebook.ko-ldv_main0_sequence_infinite_withcheck_stateful.cil.out.c,TRUE,2.577819,2.582730236,TRUE,OK,OK
ldv-linux-3.4-simple/32_1_cilled_true-unreach-call_ok_nondet_linux-3.4-32_1-drivers--power--max8903_charger.ko-ldv_main0_sequence_infinite_withcheck_stateful.cil.out.c,TRUE,2.614429,2.620525866,TRUE,OK,OK
ldv-linux-3.4-simple/32_1_cilled_true-unreach-call_ok_nondet_linux-3.4-32_1-drivers--power--test_power.ko-ldv_main0_sequence_infinite_withcheck_stateful.cil.out.c,TRUE,2.082299,2.087423727,TRUE,OK,OK
ldv-linux-3.4-simple/32_1_cilled_true-unreach-call_ok_nondet_linux-3.4-32_1-drivers--power--wm831x_backup.ko-ldv_main0_sequence_infinite_withcheck_stateful.cil.out.c,TRUE,1.596361,1.614936913,TRUE,OK,OK
